subject,fuzzer,campaign_id,trial_bound_coverage,time_bound_coverage,normalized_coverage
rhino,Zest-Mini,rhino-zest-mini-results-18,3436.0,3503.0,870.0
ant,BeDivFuzz,ant-bedivfuzz-structure-results-0,888.0,888.0,59.0
gson,BeDivFuzz,gson-bedivfuzz-structure-results-16,321.0,321.0,299.0
gson,Zest-Mini,gson-zest-mini-results-17,321.0,321.0,299.0
maven,EI,maven-ei-results-11,1115.0,1136.0,255.0
jackson,Zeugma,jackson-zeugma-linked-results-15,1122.0,1122.0,1122.0
jackson,Zest-Mini,jackson-zest-mini-results-15,1121.0,1121.0,1048.0
gson,Zeugma-None,gson-zeugma-none-results-results-2,0.0,0.0,0.0
jackson,Random,jackson-random-results-6,1113.0,1113.0,1057.0
jackson,Zeugma-None,jackson-zeugma-none-results-results-5,0.0,0.0,0.0
gson,BeDivFuzz,gson-bedivfuzz-structure-results-11,321.0,321.0,245.0
jackson,EI,jackson-ei-results-5,1121.0,1121.0,1005.0
chocopy,EI,chocopy-ei-results-4,899.0,899.0,410.0
maven,Random,maven-random-results-11,588.0,654.0,255.0
jackson,Random,jackson-random-results-2,1112.0,1113.0,992.0
jackson,Random,jackson-random-results-5,1112.0,1113.0,843.0
jackson,Zest,jackson-zest-results-13,1121.0,1121.0,1013.0
chocopy,EI,chocopy-ei-results-15,899.0,899.0,324.0
ant,EI,ant-ei-results-1,921.0,921.0,59.0
maven,Zeugma,maven-zeugma-linked-results-11,1138.0,1138.0,1138.0
maven,Zest,maven-zest-results-5,1077.0,1138.0,213.0
ant,EI,ant-ei-results-0,0.0,0.0,0.0
maven,EI,maven-ei-results-19,1094.0,1135.0,257.0
maven,Zest-Mini,maven-zest-mini-results-12,1007.0,1138.0,249.0
rhino,Zeugma,rhino-zeugma-linked-results-7,3789.0,3840.0,3828.0
closure,Zeugma,closure-zeugma-linked-results-11,12561.0,13411.0,12654.0
ant,EI,ant-ei-results-2,922.0,922.0,59.0
rhino,Random,rhino-random-results-1,3179.0,3228.0,146.0
jackson,Random,jackson-random-results-1,1113.0,1113.0,1051.0
jackson,Zest,jackson-zest-results-7,1121.0,1121.0,843.0
jackson,Zeugma-None,jackson-zeugma-none-results-results-3,0.0,0.0,0.0
chocopy,Zeugma,chocopy-zeugma-linked-results-9,876.0,877.0,876.0
gson,Zeugma-None,gson-zeugma-none-results-results-7,0.0,0.0,0.0
closure,Zeugma-None,closure-zeugma-none-results-results-5,0.0,0.0,0.0
ant,BeDivFuzz,ant-bedivfuzz-structure-results-14,882.0,889.0,59.0
ant,Zeugma,ant-zeugma-linked-results-2,914.0,916.0,914.0
chocopy,Zeugma-None,chocopy-zeugma-none-results-results-14,0.0,0.0,0.0
closure,Zest,closure-zest-results-9,12321.0,12565.0,4112.0
chocopy,BeDivFuzz-Simple,chocopy-bedivfuzz-simple-results-1,884.0,884.0,426.0
closure,Zeugma-None,closure-zeugma-none-results-results-17,0.0,0.0,0.0
jackson,BeDivFuzz,jackson-bedivfuzz-structure-results-15,1121.0,1121.0,901.0
rhino,Random,rhino-random-results-17,3170.0,3230.0,1057.0
rhino,BeDivFuzz,rhino-bedivfuzz-structure-results-9,3280.0,3309.0,755.0
rhino,Zest,rhino-zest-results-11,3452.0,3674.0,671.0
chocopy,Zeugma-None,chocopy-zeugma-none-results-results-12,0.0,0.0,0.0
ant,Zest-Mini,ant-zest-mini-results-0,906.0,906.0,59.0
chocopy,EI,chocopy-ei-results-6,897.0,897.0,341.0
rhino,Zest-Mini,rhino-zest-mini-results-14,3361.0,3421.0,355.0
maven,Zest-Mini,maven-zest-mini-results-0,1009.0,1137.0,251.0
rhino,Zest-Mini,rhino-zest-mini-results-17,3500.0,3582.0,406.0
closure,Zest-Mini,closure-zest-mini-results-7,12416.0,12450.0,3725.0
rhino,Zeugma,rhino-zeugma-linked-results-0,3777.0,3866.0,3849.0
chocopy,Zest,chocopy-zest-results-0,885.0,885.0,313.0
jackson,Zeugma,jackson-zeugma-linked-results-0,1123.0,1123.0,1123.0
chocopy,BeDivFuzz,chocopy-bedivfuzz-structure-results-14,888.0,889.0,397.0
maven,EI,maven-ei-results-17,1127.0,1138.0,249.0
rhino,Zeugma,rhino-zeugma-linked-results-18,3813.0,3851.0,3838.0
jackson,EI,jackson-ei-results-15,1121.0,1121.0,1034.0
maven,BeDivFuzz,maven-bedivfuzz-structure-results-15,675.0,684.0,213.0
jackson,BeDivFuzz,jackson-bedivfuzz-structure-results-2,1121.0,1121.0,956.0
gson,Zest-Mini,gson-zest-mini-results-19,321.0,321.0,282.0
gson,Zeugma-None,gson-zeugma-none-results-results-3,0.0,0.0,0.0
maven,Zest-Mini,maven-zest-mini-results-19,1123.0,1138.0,249.0
gson,EI,gson-ei-results-17,321.0,321.0,286.0
ant,Zest-Mini,ant-zest-mini-results-16,903.0,905.0,59.0
rhino,EI,rhino-ei-results-7,3436.0,3495.0,835.0
maven,BeDivFuzz,maven-bedivfuzz-structure-results-14,674.0,684.0,255.0
ant,Zeugma-None,ant-zeugma-none-results-results-16,0.0,0.0,0.0
closure,BeDivFuzz,closure-bedivfuzz-structure-results-12,12253.0,12415.0,1752.0
jackson,Zest-Mini,jackson-zest-mini-results-18,1121.0,1121.0,1058.0
closure,EI,closure-ei-results-18,12507.0,13016.0,3920.0
maven,Zeugma-None,maven-zeugma-none-results-results-11,0.0,0.0,0.0
jackson,Random,jackson-random-results-7,1112.0,1113.0,752.0
jackson,Zest,jackson-zest-results-10,1121.0,1121.0,1054.0
chocopy,Zest,chocopy-zest-results-19,889.0,889.0,429.0
jackson,Zeugma-None,jackson-zeugma-none-results-results-13,0.0,0.0,0.0
gson,BeDivFuzz,gson-bedivfuzz-structure-results-8,321.0,321.0,295.0
rhino,Zest-Mini,rhino-zest-mini-results-9,3442.0,3502.0,899.0
jackson,Zeugma-None,jackson-zeugma-none-results-results-10,0.0,0.0,0.0
rhino,Zeugma,rhino-zeugma-linked-results-13,3785.0,3828.0,3821.0
gson,Random,gson-random-results-1,319.0,321.0,139.0
rhino,Zeugma-None,rhino-zeugma-none-results-results-5,0.0,0.0,0.0
gson,Zest,gson-zest-results-14,321.0,321.0,297.0
gson,Random,gson-random-results-0,319.0,319.0,144.0
maven,Zest,maven-zest-results-0,1097.0,1138.0,257.0
maven,Random,maven-random-results-8,591.0,669.0,249.0
closure,EI,closure-ei-results-3,12487.0,12567.0,1413.0
closure,Zeugma-None,closure-zeugma-none-results-results-11,0.0,0.0,0.0
gson,BeDivFuzz,gson-bedivfuzz-structure-results-13,321.0,321.0,300.0
jackson,Zest,jackson-zest-results-8,1121.0,1121.0,949.0
closure,Random,closure-random-results-4,11189.0,11411.0,3725.0
gson,Zeugma,gson-zeugma-linked-results-7,321.0,321.0,321.0
chocopy,Zest,chocopy-zest-results-11,890.0,890.0,328.0
maven,Zest,maven-zest-results-15,1126.0,1138.0,255.0
chocopy,Zest,chocopy-zest-results-3,876.0,890.0,317.0
rhino,Zeugma,rhino-zeugma-linked-results-16,3817.0,3853.0,3841.0
ant,Zest,ant-zest-results-1,920.0,921.0,59.0
maven,Zest-Mini,maven-zest-mini-results-1,1091.0,1137.0,213.0
chocopy,EI,chocopy-ei-results-2,900.0,900.0,363.0
closure,Zest,closure-zest-results-3,12391.0,12494.0,1415.0
ant,Zeugma,ant-zeugma-linked-results-17,893.0,901.0,893.0
jackson,BeDivFuzz-Simple,jackson-bedivfuzz-simple-results-0,1121.0,1121.0,1019.0
ant,Zeugma-None,ant-zeugma-none-results-results-18,0.0,0.0,0.0
jackson,EI,jackson-ei-results-8,1121.0,1121.0,1027.0
maven,Zeugma-None,maven-zeugma-none-results-results-19,0.0,0.0,0.0
rhino,Random,rhino-random-results-19,3170.0,3241.0,146.0
jackson,Zeugma,jackson-zeugma-linked-results-12,1124.0,1124.0,1124.0
chocopy,Zest,chocopy-zest-results-15,889.0,889.0,330.0
maven,Zeugma-None,maven-zeugma-none-results-results-17,0.0,0.0,0.0
gson,Zeugma-None,gson-zeugma-none-results-results-8,0.0,0.0,0.0
closure,Zest,closure-zest-results-1,12218.0,12502.0,4134.0
gson,EI,gson-ei-results-5,321.0,321.0,170.0
rhino,Zest,rhino-zest-results-18,3476.0,3539.0,835.0
rhino,EI,rhino-ei-results-8,3428.0,3617.0,143.0
jackson,BeDivFuzz,jackson-bedivfuzz-structure-results-9,1121.0,1121.0,1056.0
maven,Zest-Mini,maven-zest-mini-results-4,1084.0,1138.0,251.0
ant,Zest,ant-zest-results-12,917.0,920.0,59.0
maven,Zest-Mini,maven-zest-mini-results-16,1094.0,1137.0,251.0
ant,Zeugma,ant-zeugma-linked-results-6,903.0,903.0,903.0
closure,Random,closure-random-results-13,10907.0,11077.0,1413.0
jackson,Zest-Mini,jackson-zest-mini-results-2,1121.0,1121.0,1002.0
maven,Zeugma-None,maven-zeugma-none-results-results-6,0.0,0.0,0.0
maven,BeDivFuzz,maven-bedivfuzz-structure-results-1,745.0,757.0,258.0
gson,Zeugma-None,gson-zeugma-none-results-results-17,0.0,0.0,0.0
maven,Zeugma,maven-zeugma-linked-results-12,1138.0,1138.0,1138.0
rhino,EI,rhino-ei-results-0,3446.0,3464.0,671.0
rhino,Zest-Mini,rhino-zest-mini-results-0,3520.0,3630.0,146.0
chocopy,Zest,chocopy-zest-results-18,889.0,889.0,368.0
chocopy,Zeugma-None,chocopy-zeugma-none-results-results-9,0.0,0.0,0.0
ant,BeDivFuzz-Simple,ant-bedivfuzz-simple-results-3,889.0,892.0,59.0
ant,EI,ant-ei-results-11,918.0,921.0,59.0
jackson,Zeugma,jackson-zeugma-linked-results-10,1122.0,1122.0,1122.0
closure,Random,closure-random-results-18,11295.0,11519.0,3725.0
chocopy,EI,chocopy-ei-results-17,899.0,899.0,354.0
gson,Zeugma,gson-zeugma-linked-results-3,321.0,321.0,321.0
rhino,Zest,rhino-zest-results-0,3450.0,3502.0,852.0
chocopy,BeDivFuzz-Simple,chocopy-bedivfuzz-simple-results-2,875.0,875.0,325.0
gson,Zest-Mini,gson-zest-mini-results-3,321.0,321.0,308.0
ant,Zeugma,ant-zeugma-linked-results-8,902.0,902.0,901.0
rhino,Zeugma-None,rhino-zeugma-none-results-results-18,0.0,0.0,0.0
chocopy,Zeugma,chocopy-zeugma-linked-results-11,877.0,885.0,877.0
chocopy,Zeugma,chocopy-zeugma-linked-results-0,877.0,877.0,877.0
chocopy,Zeugma,chocopy-zeugma-linked-results-5,868.0,882.0,868.0
chocopy,Random,chocopy-random-results-2,875.0,876.0,367.0
rhino,EI,rhino-ei-results-19,3530.0,3539.0,146.0
rhino,EI,rhino-ei-results-11,3541.0,3565.0,381.0
gson,EI,gson-ei-results-16,321.0,321.0,282.0
jackson,Zest,jackson-zest-results-4,1121.0,1121.0,969.0
ant,Random,ant-random-results-6,636.0,761.0,59.0
ant,Zest-Mini,ant-zest-mini-results-8,920.0,922.0,59.0
ant,Zest-Mini,ant-zest-mini-results-17,917.0,917.0,59.0
jackson,Zest,jackson-zest-results-17,1121.0,1121.0,1049.0
closure,BeDivFuzz,closure-bedivfuzz-structure-results-17,12218.0,12393.0,1787.0
rhino,Zest-Mini,rhino-zest-mini-results-2,3419.0,3478.0,137.0
jackson,Zeugma,jackson-zeugma-linked-results-14,1123.0,1123.0,1123.0
closure,EI,closure-ei-results-10,12883.0,12992.0,3725.0
jackson,BeDivFuzz,jackson-bedivfuzz-structure-results-6,1121.0,1121.0,1056.0
closure,Zest-Mini,closure-zest-mini-results-4,12413.0,12468.0,4111.0
closure,BeDivFuzz-Simple,closure-bedivfuzz-simple-results-0,12367.0,12367.0,4111.0
ant,BeDivFuzz,ant-bedivfuzz-structure-results-17,881.0,901.0,59.0
ant,EI,ant-ei-results-12,918.0,921.0,59.0
closure,Zeugma,closure-zeugma-linked-results-18,12650.0,13399.0,12703.0
chocopy,Random,chocopy-random-results-10,875.0,875.0,354.0
chocopy,Zeugma-None,chocopy-zeugma-none-results-results-7,0.0,0.0,0.0
closure,Zeugma,closure-zeugma-linked-results-4,12814.0,13356.0,12791.0
rhino,EI,rhino-ei-results-3,3473.0,3500.0,146.0
closure,Random,closure-random-results-1,11218.0,11436.0,4385.0
maven,BeDivFuzz,maven-bedivfuzz-structure-results-9,669.0,674.0,213.0
gson,Zeugma,gson-zeugma-linked-results-14,321.0,321.0,321.0
maven,Zeugma,maven-zeugma-linked-results-10,1138.0,1138.0,1138.0
chocopy,Zeugma-None,chocopy-zeugma-none-results-results-10,0.0,0.0,0.0
rhino,Zeugma,rhino-zeugma-linked-results-10,3810.0,3866.0,3861.0
maven,Zeugma-None,maven-zeugma-none-results-results-4,0.0,0.0,0.0
gson,EI,gson-ei-results-10,321.0,321.0,193.0
gson,EI,gson-ei-results-11,321.0,321.0,299.0
ant,Zest,ant-zest-results-8,921.0,921.0,59.0
rhino,EI,rhino-ei-results-6,3510.0,3557.0,137.0
jackson,BeDivFuzz,jackson-bedivfuzz-structure-results-1,1121.0,1121.0,972.0
ant,Random,ant-random-results-16,619.0,777.0,59.0
closure,Zeugma,closure-zeugma-linked-results-2,12642.0,13120.0,12677.0
closure,BeDivFuzz,closure-bedivfuzz-structure-results-15,12233.0,12312.0,1415.0
closure,Random,closure-random-results-14,10899.0,11491.0,1415.0
maven,BeDivFuzz-Simple,maven-bedivfuzz-simple-results-3,735.0,926.0,216.0
rhino,BeDivFuzz,rhino-bedivfuzz-structure-results-0,3286.0,3298.0,755.0
ant,Zeugma-None,ant-zeugma-none-results-results-6,0.0,0.0,0.0
maven,Zeugma,maven-zeugma-linked-results-0,1138.0,1138.0,1138.0
chocopy,BeDivFuzz,chocopy-bedivfuzz-structure-results-6,880.0,889.0,366.0
gson,Random,gson-random-results-5,319.0,319.0,227.0
chocopy,Zeugma,chocopy-zeugma-linked-results-6,869.0,883.0,869.0
rhino,EI,rhino-ei-results-2,3406.0,3416.0,876.0
jackson,Zest-Mini,jackson-zest-mini-results-13,1121.0,1121.0,983.0
ant,BeDivFuzz,ant-bedivfuzz-structure-results-10,890.0,891.0,59.0
chocopy,BeDivFuzz,chocopy-bedivfuzz-structure-results-16,876.0,891.0,324.0
jackson,EI,jackson-ei-results-16,1121.0,1121.0,841.0
rhino,Zeugma-None,rhino-zeugma-none-results-results-7,0.0,0.0,0.0
maven,Zest-Mini,maven-zest-mini-results-11,1078.0,1138.0,257.0
rhino,Random,rhino-random-results-12,3157.0,3226.0,144.0
maven,Zeugma-None,maven-zeugma-none-results-results-15,0.0,0.0,0.0
gson,Zest,gson-zest-results-0,321.0,321.0,305.0
maven,BeDivFuzz,maven-bedivfuzz-structure-results-6,692.0,733.0,257.0
rhino,Zest,rhino-zest-results-17,3619.0,3656.0,871.0
ant,Zest,ant-zest-results-14,907.0,908.0,59.0
ant,Zeugma,ant-zeugma-linked-results-3,906.0,906.0,906.0
ant,Zest-Mini,ant-zest-mini-results-6,917.0,917.0,59.0
gson,EI,gson-ei-results-19,321.0,321.0,148.0
closure,Zest-Mini,closure-zest-mini-results-13,12784.0,12794.0,3725.0
gson,Zeugma,gson-zeugma-linked-results-8,321.0,321.0,321.0
jackson,BeDivFuzz,jackson-bedivfuzz-structure-results-16,1121.0,1121.0,1053.0
maven,Zest-Mini,maven-zest-mini-results-3,1073.0,1122.0,257.0
ant,Zeugma-None,ant-zeugma-none-results-results-8,0.0,0.0,0.0
rhino,Zest-Mini,rhino-zest-mini-results-6,3385.0,3501.0,143.0
jackson,Zeugma,jackson-zeugma-linked-results-18,1123.0,1123.0,1123.0
jackson,Zest-Mini,jackson-zest-mini-results-1,1121.0,1121.0,1002.0
maven,Random,maven-random-results-16,610.0,709.0,236.0
gson,Zest,gson-zest-results-5,321.0,321.0,257.0
ant,Random,ant-random-results-0,644.0,751.0,59.0
closure,EI,closure-ei-results-12,12562.0,12598.0,1413.0
rhino,BeDivFuzz,rhino-bedivfuzz-structure-results-14,3302.0,3316.0,433.0
chocopy,BeDivFuzz,chocopy-bedivfuzz-structure-results-15,889.0,894.0,324.0
maven,Random,maven-random-results-13,591.0,673.0,249.0
jackson,Zeugma-None,jackson-zeugma-none-results-results-16,0.0,0.0,0.0
jackson,Zest-Mini,jackson-zest-mini-results-10,1121.0,1121.0,1046.0
chocopy,BeDivFuzz,chocopy-bedivfuzz-structure-results-18,881.0,889.0,368.0
rhino,Zest,rhino-zest-results-10,3679.0,3768.0,835.0
ant,Zest-Mini,ant-zest-mini-results-7,907.0,907.0,59.0
jackson,BeDivFuzz-Simple,jackson-bedivfuzz-simple-results-2,1121.0,1121.0,752.0
rhino,Zeugma-None,rhino-zeugma-none-results-results-12,0.0,0.0,0.0
gson,Zest-Mini,gson-zest-mini-results-8,321.0,321.0,288.0
maven,BeDivFuzz-Simple,maven-bedivfuzz-simple-results-1,848.0,943.0,213.0
maven,Random,maven-random-results-10,605.0,675.0,262.0
gson,Zeugma,gson-zeugma-linked-results-2,321.0,321.0,321.0
jackson,Zeugma,jackson-zeugma-linked-results-11,1124.0,1124.0,1124.0
ant,Zest-Mini,ant-zest-mini-results-4,906.0,906.0,59.0
rhino,Zeugma-None,rhino-zeugma-none-results-results-19,0.0,0.0,0.0
gson,EI,gson-ei-results-6,321.0,321.0,261.0
gson,BeDivFuzz,gson-bedivfuzz-structure-results-10,321.0,321.0,297.0
maven,Random,maven-random-results-7,605.0,669.0,257.0
rhino,Zeugma-None,rhino-zeugma-none-results-results-11,0.0,0.0,0.0
ant,Zeugma,ant-zeugma-linked-results-14,901.0,901.0,901.0
maven,Zeugma,maven-zeugma-linked-results-19,1137.0,1138.0,1138.0
closure,Zeugma-None,closure-zeugma-none-results-results-0,0.0,0.0,0.0
jackson,Zeugma-None,jackson-zeugma-none-results-results-6,0.0,0.0,0.0
gson,Zeugma,gson-zeugma-linked-results-17,321.0,321.0,321.0
maven,EI,maven-ei-results-5,1126.0,1138.0,213.0
ant,Zeugma-None,ant-zeugma-none-results-results-17,0.0,0.0,0.0
chocopy,Zest,chocopy-zest-results-1,889.0,889.0,328.0
closure,Zest,closure-zest-results-10,12556.0,12611.0,1674.0
chocopy,Zeugma-None,chocopy-zeugma-none-results-results-16,0.0,0.0,0.0
gson,BeDivFuzz-Simple,gson-bedivfuzz-simple-results-0,321.0,321.0,247.0
maven,EI,maven-ei-results-7,1108.0,1138.0,213.0
ant,BeDivFuzz,ant-bedivfuzz-structure-results-9,890.0,890.0,59.0
maven,BeDivFuzz,maven-bedivfuzz-structure-results-4,698.0,712.0,256.0
gson,Zeugma,gson-zeugma-linked-results-9,321.0,321.0,321.0
closure,EI,closure-ei-results-1,12969.0,13040.0,1415.0
chocopy,Zest,chocopy-zest-results-6,889.0,889.0,368.0
maven,Zest-Mini,maven-zest-mini-results-17,1024.0,1137.0,213.0
maven,Random,maven-random-results-6,597.0,670.0,251.0
rhino,Zest-Mini,rhino-zest-mini-results-4,3621.0,3647.0,887.0
chocopy,Zest-Mini,chocopy-zest-mini-results-2,888.0,888.0,263.0
closure,Zest,closure-zest-results-17,12324.0,12691.0,1413.0
chocopy,EI,chocopy-ei-results-0,885.0,885.0,340.0
gson,Zest-Mini,gson-zest-mini-results-18,321.0,321.0,301.0
closure,Zeugma,closure-zeugma-linked-results-5,12900.0,13219.0,12702.0
jackson,Zeugma,jackson-zeugma-linked-results-2,1124.0,1124.0,1124.0
rhino,Zest,rhino-zest-results-16,3671.0,3727.0,824.0
gson,Zeugma-None,gson-zeugma-none-results-results-12,0.0,0.0,0.0
closure,Zeugma-None,closure-zeugma-none-results-results-2,0.0,0.0,0.0
gson,Zeugma,gson-zeugma-linked-results-11,321.0,321.0,321.0
rhino,BeDivFuzz,rhino-bedivfuzz-structure-results-5,3291.0,3302.0,847.0
chocopy,Zeugma,chocopy-zeugma-linked-results-17,869.0,869.0,869.0
closure,EI,closure-ei-results-4,12438.0,12994.0,3725.0
ant,Zest-Mini,ant-zest-mini-results-15,921.0,921.0,59.0
rhino,BeDivFuzz,rhino-bedivfuzz-structure-results-8,3290.0,3325.0,755.0
chocopy,Zest-Mini,chocopy-zest-mini-results-15,887.0,888.0,310.0
closure,Zest,closure-zest-results-11,12406.0,12651.0,4111.0
gson,Zeugma,gson-zeugma-linked-results-12,321.0,321.0,321.0
maven,Random,maven-random-results-17,600.0,667.0,255.0
closure,Zeugma,closure-zeugma-linked-results-0,12678.0,13425.0,12734.0
jackson,Random,jackson-random-results-15,1113.0,1113.0,995.0
ant,Random,ant-random-results-15,618.0,762.0,59.0
maven,Zest,maven-zest-results-2,1109.0,1138.0,255.0
rhino,Zeugma-None,rhino-zeugma-none-results-results-0,0.0,0.0,0.0
closure,EI,closure-ei-results-9,12671.0,12701.0,4111.0
ant,BeDivFuzz,ant-bedivfuzz-structure-results-13,888.0,890.0,59.0
chocopy,BeDivFuzz,chocopy-bedivfuzz-structure-results-9,875.0,893.0,263.0
ant,Zest,ant-zest-results-16,918.0,919.0,59.0
maven,Zeugma-None,maven-zeugma-none-results-results-3,0.0,0.0,0.0
gson,Random,gson-random-results-9,319.0,319.0,301.0
jackson,Zeugma-None,jackson-zeugma-none-results-results-18,0.0,0.0,0.0
maven,Zeugma,maven-zeugma-linked-results-13,1120.0,1138.0,1138.0
maven,Zest-Mini,maven-zest-mini-results-9,1104.0,1138.0,216.0
maven,EI,maven-ei-results-2,1132.0,1138.0,249.0
jackson,Zest-Mini,jackson-zest-mini-results-0,1121.0,1121.0,1052.0
rhino,Zeugma,rhino-zeugma-linked-results-4,3809.0,3845.0,3838.0
rhino,EI,rhino-ei-results-15,3614.0,3677.0,838.0
maven,Zest,maven-zest-results-3,1111.0,1140.0,213.0
jackson,EI,jackson-ei-results-19,1121.0,1121.0,1013.0
jackson,Zest-Mini,jackson-zest-mini-results-14,1120.0,1121.0,1048.0
gson,Zeugma,gson-zeugma-linked-results-5,321.0,321.0,321.0
gson,EI,gson-ei-results-13,321.0,321.0,262.0
rhino,Random,rhino-random-results-10,3161.0,3214.0,137.0
gson,Random,gson-random-results-16,319.0,321.0,301.0
closure,Zest-Mini,closure-zest-mini-results-19,12417.0,12428.0,1415.0
rhino,Zeugma,rhino-zeugma-linked-results-6,3786.0,3868.0,3851.0
gson,Random,gson-random-results-14,319.0,319.0,223.0
rhino,BeDivFuzz,rhino-bedivfuzz-structure-results-12,3287.0,3304.0,2019.0
rhino,Zest,rhino-zest-results-14,3477.0,3535.0,671.0
ant,BeDivFuzz-Simple,ant-bedivfuzz-simple-results-0,904.0,906.0,59.0
chocopy,Random,chocopy-random-results-9,876.0,876.0,303.0
closure,BeDivFuzz,closure-bedivfuzz-structure-results-0,11990.0,12268.0,1744.0
ant,EI,ant-ei-results-16,918.0,919.0,59.0
gson,EI,gson-ei-results-15,321.0,321.0,242.0
gson,Random,gson-random-results-7,319.0,319.0,158.0
closure,Zeugma,closure-zeugma-linked-results-16,12701.0,13328.0,12715.0
chocopy,EI,chocopy-ei-results-13,900.0,900.0,371.0
ant,Zest,ant-zest-results-17,921.0,921.0,61.0
jackson,Zest,jackson-zest-results-1,1121.0,1121.0,938.0
jackson,EI,jackson-ei-results-4,1121.0,1121.0,988.0
rhino,BeDivFuzz,rhino-bedivfuzz-structure-results-10,3281.0,3291.0,426.0
jackson,BeDivFuzz,jackson-bedivfuzz-structure-results-8,1121.0,1121.0,1056.0
chocopy,Zeugma,chocopy-zeugma-linked-results-1,885.0,885.0,885.0
gson,Zeugma-None,gson-zeugma-none-results-results-11,0.0,0.0,0.0
jackson,Random,jackson-random-results-16,1112.0,1113.0,841.0
chocopy,BeDivFuzz,chocopy-bedivfuzz-structure-results-1,884.0,884.0,353.0
ant,Zest,ant-zest-results-9,921.0,921.0,59.0
maven,Random,maven-random-results-0,602.0,650.0,255.0
rhino,Zest,rhino-zest-results-15,3489.0,3524.0,671.0
maven,Zeugma,maven-zeugma-linked-results-2,1138.0,1138.0,1138.0
gson,EI,gson-ei-results-2,321.0,321.0,299.0
jackson,EI,jackson-ei-results-6,1121.0,1121.0,1055.0
maven,Zeugma,maven-zeugma-linked-results-6,1138.0,1138.0,1138.0
jackson,Random,jackson-random-results-9,1112.0,1113.0,848.0
gson,Zeugma,gson-zeugma-linked-results-0,321.0,321.0,321.0
rhino,BeDivFuzz,rhino-bedivfuzz-structure-results-6,3289.0,3321.0,369.0
chocopy,Zest-Mini,chocopy-zest-mini-results-1,874.0,874.0,331.0
closure,Zest-Mini,closure-zest-mini-results-0,12376.0,12459.0,1415.0
closure,BeDivFuzz,closure-bedivfuzz-structure-results-6,12115.0,12183.0,1415.0
closure,Zeugma-None,closure-zeugma-none-results-results-13,0.0,0.0,0.0
chocopy,EI,chocopy-ei-results-18,898.0,899.0,321.0
jackson,Zest-Mini,jackson-zest-mini-results-11,1121.0,1121.0,1007.0
rhino,BeDivFuzz,rhino-bedivfuzz-structure-results-19,3279.0,3302.0,854.0
rhino,Zest,rhino-zest-results-1,3589.0,3645.0,847.0
chocopy,EI,chocopy-ei-results-16,886.0,886.0,331.0
chocopy,Zeugma,chocopy-zeugma-linked-results-14,882.0,889.0,882.0
ant,Zest-Mini,ant-zest-mini-results-12,901.0,907.0,59.0
jackson,BeDivFuzz,jackson-bedivfuzz-structure-results-12,1121.0,1121.0,1022.0
ant,Zest,ant-zest-results-3,906.0,907.0,59.0
rhino,BeDivFuzz,rhino-bedivfuzz-structure-results-17,3269.0,3306.0,835.0
jackson,BeDivFuzz,jackson-bedivfuzz-structure-results-0,1121.0,1121.0,800.0
rhino,BeDivFuzz,rhino-bedivfuzz-structure-results-18,3265.0,3291.0,1059.0
closure,Zest-Mini,closure-zest-mini-results-3,12630.0,12653.0,3725.0
ant,Zeugma-None,ant-zeugma-none-results-results-10,0.0,0.0,0.0
ant,Random,ant-random-results-19,625.0,756.0,59.0
chocopy,Zest,chocopy-zest-results-10,889.0,889.0,431.0
ant,Zeugma-None,ant-zeugma-none-results-results-1,0.0,0.0,0.0
gson,Random,gson-random-results-2,319.0,319.0,298.0
rhino,Random,rhino-random-results-8,3170.0,3245.0,143.0
closure,EI,closure-ei-results-11,12782.0,12803.0,1522.0
gson,Zeugma-None,gson-zeugma-none-results-results-9,0.0,0.0,0.0
gson,BeDivFuzz,gson-bedivfuzz-structure-results-0,321.0,321.0,282.0
rhino,Zeugma-None,rhino-zeugma-none-results-results-6,0.0,0.0,0.0
jackson,Zeugma,jackson-zeugma-linked-results-1,1122.0,1122.0,1122.0
ant,Zest,ant-zest-results-13,920.0,921.0,59.0
ant,Zest-Mini,ant-zest-mini-results-2,919.0,920.0,59.0
closure,EI,closure-ei-results-15,12822.0,12904.0,1524.0
ant,BeDivFuzz,ant-bedivfuzz-structure-results-7,892.0,906.0,29.0
gson,Zest,gson-zest-results-18,321.0,321.0,219.0
rhino,Zeugma-None,rhino-zeugma-none-results-results-16,0.0,0.0,0.0
ant,BeDivFuzz,ant-bedivfuzz-structure-results-18,884.0,890.0,59.0
jackson,Zeugma-None,jackson-zeugma-none-results-results-14,0.0,0.0,0.0
closure,Random,closure-random-results-8,11086.0,11323.0,1415.0
maven,Random,maven-random-results-9,603.0,666.0,259.0
gson,Random,gson-random-results-4,319.0,319.0,196.0
closure,Zeugma-None,closure-zeugma-none-results-results-9,0.0,0.0,0.0
jackson,Zest,jackson-zest-results-6,1121.0,1121.0,1051.0
gson,Zeugma,gson-zeugma-linked-results-18,321.0,321.0,321.0
ant,EI,ant-ei-results-10,916.0,919.0,59.0
ant,Zeugma-None,ant-zeugma-none-results-results-11,0.0,0.0,0.0
rhino,Zest-Mini,rhino-zest-mini-results-12,3516.0,3587.0,671.0
ant,Random,ant-random-results-5,620.0,761.0,59.0
chocopy,Zest-Mini,chocopy-zest-mini-results-7,866.0,875.0,325.0
maven,Zeugma,maven-zeugma-linked-results-5,1138.0,1138.0,1138.0
gson,BeDivFuzz,gson-bedivfuzz-structure-results-1,321.0,321.0,303.0
jackson,BeDivFuzz,jackson-bedivfuzz-structure-results-14,1121.0,1121.0,1053.0
closure,EI,closure-ei-results-7,13067.0,13153.0,4111.0
closure,Zest,closure-zest-results-7,12393.0,12498.0,1415.0
gson,Zeugma-None,gson-zeugma-none-results-results-0,0.0,0.0,0.0
ant,EI,ant-ei-results-14,912.0,913.0,59.0
jackson,Random,jackson-random-results-19,1113.0,1113.0,1059.0
closure,Zest-Mini,closure-zest-mini-results-6,12270.0,12292.0,3725.0
ant,Zest,ant-zest-results-2,922.0,922.0,59.0
closure,EI,closure-ei-results-5,12514.0,12580.0,1415.0
jackson,Random,jackson-random-results-11,1112.0,1113.0,1054.0
ant,Zest-Mini,ant-zest-mini-results-13,913.0,913.0,59.0
rhino,Random,rhino-random-results-11,3157.0,3222.0,164.0
rhino,Zest-Mini,rhino-zest-mini-results-7,3638.0,3704.0,847.0
closure,Zeugma,closure-zeugma-linked-results-15,12745.0,13055.0,12749.0
jackson,Zeugma,jackson-zeugma-linked-results-16,1123.0,1124.0,1124.0
ant,Zest,ant-zest-results-5,920.0,920.0,59.0
ant,Zeugma-None,ant-zeugma-none-results-results-5,0.0,0.0,0.0
jackson,EI,jackson-ei-results-7,1121.0,1121.0,1048.0
ant,Random,ant-random-results-13,635.0,746.0,59.0
maven,Zest-Mini,maven-zest-mini-results-14,1105.0,1138.0,249.0
rhino,Zest-Mini,rhino-zest-mini-results-5,3569.0,3641.0,926.0
jackson,Zeugma,jackson-zeugma-linked-results-7,1124.0,1124.0,1124.0
maven,BeDivFuzz,maven-bedivfuzz-structure-results-2,720.0,720.0,213.0
jackson,BeDivFuzz,jackson-bedivfuzz-structure-results-7,1121.0,1121.0,912.0
gson,Zest-Mini,gson-zest-mini-results-15,321.0,321.0,299.0
chocopy,Random,chocopy-random-results-17,876.0,876.0,369.0
gson,BeDivFuzz,gson-bedivfuzz-structure-results-18,321.0,321.0,272.0
closure,Random,closure-random-results-9,11049.0,11291.0,3725.0
jackson,Zeugma,jackson-zeugma-linked-results-13,1121.0,1121.0,1121.0
gson,EI,gson-ei-results-0,321.0,321.0,301.0
gson,Random,gson-random-results-6,319.0,319.0,154.0
gson,EI,gson-ei-results-9,321.0,321.0,296.0
jackson,Zest,jackson-zest-results-0,1121.0,1121.0,1019.0
maven,Zeugma,maven-zeugma-linked-results-4,1138.0,1138.0,1138.0
jackson,BeDivFuzz,jackson-bedivfuzz-structure-results-3,1121.0,1121.0,908.0
jackson,Zest-Mini,jackson-zest-mini-results-17,1121.0,1121.0,1033.0
jackson,Zest,jackson-zest-results-12,1121.0,1121.0,1054.0
closure,Random,closure-random-results-7,10922.0,11102.0,1415.0
chocopy,BeDivFuzz-Simple,chocopy-bedivfuzz-simple-results-0,897.0,897.0,366.0
closure,EI,closure-ei-results-19,12953.0,12998.0,3725.0
jackson,Zest-Mini,jackson-zest-mini-results-5,1121.0,1121.0,896.0
chocopy,Zeugma-None,chocopy-zeugma-none-results-results-2,0.0,0.0,0.0
rhino,Zest-Mini,rhino-zest-mini-results-1,3562.0,3633.0,249.0
chocopy,Zest-Mini,chocopy-zest-mini-results-12,875.0,876.0,344.0
closure,EI,closure-ei-results-14,13017.0,13152.0,3725.0
closure,Zeugma-None,closure-zeugma-none-results-results-12,0.0,0.0,0.0
ant,EI,ant-ei-results-6,920.0,921.0,59.0
closure,Zeugma,closure-zeugma-linked-results-10,12539.0,13430.0,12687.0
maven,BeDivFuzz,maven-bedivfuzz-structure-results-17,708.0,729.0,251.0
closure,BeDivFuzz,closure-bedivfuzz-structure-results-9,12319.0,12435.0,1692.0
ant,EI,ant-ei-results-5,920.0,920.0,59.0
ant,EI,ant-ei-results-4,921.0,921.0,59.0
ant,Zest-Mini,ant-zest-mini-results-11,905.0,905.0,59.0
ant,Random,ant-random-results-12,597.0,753.0,59.0
closure,BeDivFuzz,closure-bedivfuzz-structure-results-14,12070.0,12159.0,4440.0
maven,BeDivFuzz,maven-bedivfuzz-structure-results-18,723.0,760.0,213.0
ant,Random,ant-random-results-7,591.0,751.0,59.0
chocopy,Random,chocopy-random-results-3,876.0,876.0,340.0
maven,Zeugma,maven-zeugma-linked-results-17,1138.0,1138.0,1138.0
chocopy,Zeugma-None,chocopy-zeugma-none-results-results-0,0.0,0.0,0.0
ant,EI,ant-ei-results-7,920.0,921.0,59.0
rhino,Zest,rhino-zest-results-8,3429.0,3459.0,671.0
chocopy,Zeugma-None,chocopy-zeugma-none-results-results-18,0.0,0.0,0.0
closure,EI,closure-ei-results-13,12688.0,12780.0,1503.0
gson,EI,gson-ei-results-14,321.0,321.0,290.0
rhino,Zeugma,rhino-zeugma-linked-results-1,3841.0,3903.0,3895.0
rhino,EI,rhino-ei-results-1,3474.0,3487.0,143.0
chocopy,Zest,chocopy-zest-results-4,890.0,890.0,382.0
chocopy,Zeugma,chocopy-zeugma-linked-results-10,877.0,877.0,877.0
jackson,EI,jackson-ei-results-12,1121.0,1121.0,915.0
gson,Zeugma,gson-zeugma-linked-results-1,321.0,321.0,321.0
ant,Random,ant-random-results-10,634.0,762.0,61.0
gson,Zeugma,gson-zeugma-linked-results-19,321.0,321.0,321.0
maven,Zest,maven-zest-results-8,1074.0,1138.0,257.0
ant,Zeugma,ant-zeugma-linked-results-19,914.0,920.0,914.0
maven,EI,maven-ei-results-16,1108.0,1136.0,213.0
jackson,Zest-Mini,jackson-zest-mini-results-3,1121.0,1121.0,999.0
chocopy,Random,chocopy-random-results-8,876.0,876.0,318.0
chocopy,Zeugma-None,chocopy-zeugma-none-results-results-13,0.0,0.0,0.0
closure,Zest-Mini,closure-zest-mini-results-8,12360.0,12427.0,1415.0
gson,Random,gson-random-results-17,319.0,319.0,194.0
closure,Zeugma,closure-zeugma-linked-results-7,12850.0,13405.0,12873.0
ant,Zeugma,ant-zeugma-linked-results-11,910.0,913.0,910.0
maven,Zest,maven-zest-results-19,1047.0,1122.0,249.0
closure,EI,closure-ei-results-6,12518.0,12572.0,4385.0
chocopy,EI,chocopy-ei-results-19,899.0,899.0,369.0
closure,Zest-Mini,closure-zest-mini-results-16,12417.0,12449.0,5262.0
rhino,Random,rhino-random-results-4,3175.0,3231.0,143.0
closure,Zeugma,closure-zeugma-linked-results-13,12759.0,13567.0,12784.0
rhino,BeDivFuzz,rhino-bedivfuzz-structure-results-16,3286.0,3310.0,910.0
ant,Zest,ant-zest-results-11,921.0,921.0,59.0
closure,BeDivFuzz,closure-bedivfuzz-structure-results-13,12230.0,12353.0,1692.0
gson,Zest-Mini,gson-zest-mini-results-16,321.0,321.0,281.0
maven,Random,maven-random-results-12,605.0,662.0,255.0
rhino,Zeugma-None,rhino-zeugma-none-results-results-14,0.0,0.0,0.0
ant,BeDivFuzz,ant-bedivfuzz-structure-results-15,886.0,916.0,59.0
rhino,Zest-Mini,rhino-zest-mini-results-13,3462.0,3804.0,835.0
chocopy,Zest-Mini,chocopy-zest-mini-results-4,875.0,875.0,353.0
jackson,Zest,jackson-zest-results-9,1121.0,1121.0,867.0
chocopy,Zeugma-None,chocopy-zeugma-none-results-results-5,0.0,0.0,0.0
rhino,Zeugma,rhino-zeugma-linked-results-12,3767.0,3840.0,3830.0
rhino,BeDivFuzz-Simple,rhino-bedivfuzz-simple-results-0,3295.0,3301.0,459.0
chocopy,Zeugma,chocopy-zeugma-linked-results-12,877.0,877.0,877.0
rhino,BeDivFuzz,rhino-bedivfuzz-structure-results-11,3283.0,3316.0,1201.0
closure,BeDivFuzz,closure-bedivfuzz-structure-results-19,12175.0,12319.0,1581.0
rhino,EI,rhino-ei-results-10,3572.0,3588.0,143.0
jackson,BeDivFuzz,jackson-bedivfuzz-structure-results-5,1121.0,1121.0,1047.0
rhino,BeDivFuzz,rhino-bedivfuzz-structure-results-7,3279.0,3311.0,1365.0
chocopy,Random,chocopy-random-results-16,875.0,876.0,367.0
closure,Zeugma,closure-zeugma-linked-results-1,12751.0,13439.0,12793.0
closure,BeDivFuzz-Simple,closure-bedivfuzz-simple-results-2,12476.0,12697.0,1615.0
ant,Zest-Mini,ant-zest-mini-results-3,901.0,906.0,59.0
chocopy,EI,chocopy-ei-results-8,898.0,899.0,382.0
ant,Zest,ant-zest-results-18,909.0,919.0,59.0
ant,Zest-Mini,ant-zest-mini-results-18,918.0,918.0,59.0
maven,Zeugma,maven-zeugma-linked-results-1,1137.0,1138.0,1138.0
closure,Zeugma,closure-zeugma-linked-results-17,12670.0,13048.0,12695.0
jackson,Zeugma-None,jackson-zeugma-none-results-results-8,0.0,0.0,0.0
maven,Random,maven-random-results-19,591.0,673.0,259.0
jackson,Zeugma-None,jackson-zeugma-none-results-results-17,0.0,0.0,0.0
jackson,Zeugma,jackson-zeugma-linked-results-17,1124.0,1124.0,1124.0
jackson,BeDivFuzz,jackson-bedivfuzz-structure-results-10,1121.0,1121.0,1043.0
ant,Zeugma-None,ant-zeugma-none-results-results-15,0.0,0.0,0.0
chocopy,Zest-Mini,chocopy-zest-mini-results-5,886.0,889.0,263.0
chocopy,Zest-Mini,chocopy-zest-mini-results-13,875.0,876.0,368.0
gson,Random,gson-random-results-11,319.0,319.0,294.0
jackson,Zeugma-None,jackson-zeugma-none-results-results-9,0.0,0.0,0.0
maven,EI,maven-ei-results-6,1119.0,1139.0,278.0
closure,BeDivFuzz,closure-bedivfuzz-structure-results-4,12108.0,12148.0,1814.0
maven,EI,maven-ei-results-18,1121.0,1138.0,249.0
chocopy,BeDivFuzz,chocopy-bedivfuzz-structure-results-8,889.0,889.0,415.0
ant,Zest,ant-zest-results-4,908.0,908.0,59.0
maven,BeDivFuzz,maven-bedivfuzz-structure-results-12,695.0,708.0,249.0
rhino,EI,rhino-ei-results-12,3409.0,3420.0,854.0
ant,BeDivFuzz,ant-bedivfuzz-structure-results-2,886.0,890.0,59.0
ant,Random,ant-random-results-4,644.0,754.0,59.0
closure,BeDivFuzz,closure-bedivfuzz-structure-results-16,12435.0,12492.0,1637.0
gson,Zeugma-None,gson-zeugma-none-results-results-1,0.0,0.0,0.0
gson,BeDivFuzz,gson-bedivfuzz-structure-results-17,321.0,321.0,303.0
gson,Zeugma-None,gson-zeugma-none-results-results-5,0.0,0.0,0.0
chocopy,Random,chocopy-random-results-0,876.0,878.0,263.0
rhino,Zeugma,rhino-zeugma-linked-results-14,3756.0,3837.0,3829.0
gson,Zest,gson-zest-results-1,321.0,321.0,238.0
gson,Zeugma-None,gson-zeugma-none-results-results-14,0.0,0.0,0.0
rhino,Random,rhino-random-results-6,3151.0,3235.0,143.0
jackson,EI,jackson-ei-results-9,1121.0,1121.0,1054.0
maven,Zest,maven-zest-results-10,1105.0,1138.0,249.0
chocopy,Zeugma-None,chocopy-zeugma-none-results-results-6,0.0,0.0,0.0
rhino,Random,rhino-random-results-3,3164.0,3225.0,418.0
chocopy,Zest-Mini,chocopy-zest-mini-results-17,873.0,883.0,303.0
ant,Zest,ant-zest-results-19,920.0,922.0,59.0
gson,Zest-Mini,gson-zest-mini-results-5,321.0,321.0,301.0
ant,Random,ant-random-results-3,632.0,747.0,59.0
jackson,Zeugma,jackson-zeugma-linked-results-5,1122.0,1122.0,1122.0
closure,Zest,closure-zest-results-19,12308.0,12471.0,1458.0
jackson,EI,jackson-ei-results-14,1121.0,1121.0,1055.0
gson,Zest,gson-zest-results-16,321.0,321.0,217.0
gson,Zeugma,gson-zeugma-linked-results-13,321.0,321.0,321.0
jackson,Zest-Mini,jackson-zest-mini-results-7,1121.0,1121.0,1054.0
ant,Zeugma-None,ant-zeugma-none-results-results-2,0.0,0.0,0.0
rhino,Zeugma-None,rhino-zeugma-none-results-results-13,0.0,0.0,0.0
jackson,Zest-Mini,jackson-zest-mini-results-4,1121.0,1121.0,865.0
maven,BeDivFuzz,maven-bedivfuzz-structure-results-10,671.0,686.0,213.0
rhino,Random,rhino-random-results-16,3165.0,3230.0,824.0
gson,Zest,gson-zest-results-10,321.0,321.0,298.0
jackson,Zest,jackson-zest-results-5,1121.0,1121.0,1051.0
gson,EI,gson-ei-results-4,321.0,321.0,293.0
rhino,Zeugma-None,rhino-zeugma-none-results-results-4,0.0,0.0,0.0
ant,Random,ant-random-results-14,652.0,771.0,59.0
maven,Zeugma,maven-zeugma-linked-results-16,1138.0,1138.0,1138.0
ant,BeDivFuzz,ant-bedivfuzz-structure-results-12,904.0,906.0,59.0
maven,Zeugma,maven-zeugma-linked-results-18,1138.0,1138.0,1138.0
gson,Zest,gson-zest-results-11,321.0,321.0,274.0
gson,Zest-Mini,gson-zest-mini-results-4,321.0,321.0,301.0
chocopy,Zeugma,chocopy-zeugma-linked-results-18,876.0,877.0,876.0
closure,BeDivFuzz,closure-bedivfuzz-structure-results-7,12003.0,12523.0,1415.0
jackson,Random,jackson-random-results-13,1112.0,1113.0,974.0
closure,EI,closure-ei-results-16,12483.0,12657.0,3725.0
ant,Zeugma-None,ant-zeugma-none-results-results-14,0.0,0.0,0.0
closure,Random,closure-random-results-19,10919.0,11238.0,1719.0
rhino,Zest,rhino-zest-results-4,3445.0,3466.0,671.0
rhino,BeDivFuzz-Simple,rhino-bedivfuzz-simple-results-3,3299.0,3312.0,388.0
jackson,Zest,jackson-zest-results-18,1121.0,1121.0,1058.0
gson,Random,gson-random-results-8,319.0,321.0,196.0
jackson,Zeugma,jackson-zeugma-linked-results-6,1124.0,1124.0,1124.0
chocopy,EI,chocopy-ei-results-3,899.0,899.0,354.0
chocopy,Zest-Mini,chocopy-zest-mini-results-19,875.0,876.0,384.0
rhino,EI,rhino-ei-results-17,3581.0,3605.0,847.0
chocopy,Zeugma-None,chocopy-zeugma-none-results-results-8,0.0,0.0,0.0
rhino,Zeugma-None,rhino-zeugma-none-results-results-1,0.0,0.0,0.0
chocopy,Zeugma-None,chocopy-zeugma-none-results-results-3,0.0,0.0,0.0
gson,Zest,gson-zest-results-17,321.0,321.0,291.0
rhino,EI,rhino-ei-results-9,3454.0,3483.0,146.0
chocopy,Zest-Mini,chocopy-zest-mini-results-9,875.0,875.0,405.0
maven,Zest,maven-zest-results-17,1120.0,1137.0,262.0
closure,Random,closure-random-results-16,11308.0,11499.0,4112.0
gson,Zeugma,gson-zeugma-linked-results-15,321.0,321.0,321.0
ant,EI,ant-ei-results-13,922.0,922.0,59.0
maven,Zest-Mini,maven-zest-mini-results-13,1049.0,1136.0,249.0
closure,Random,closure-random-results-6,10773.0,11100.0,3725.0
chocopy,Random,chocopy-random-results-14,875.0,875.0,263.0
jackson,Zest,jackson-zest-results-19,1121.0,1121.0,1054.0
closure,Zeugma-None,closure-zeugma-none-results-results-1,0.0,0.0,0.0
maven,BeDivFuzz,maven-bedivfuzz-structure-results-7,650.0,670.0,213.0
gson,BeDivFuzz,gson-bedivfuzz-structure-results-6,321.0,321.0,300.0
ant,Zest-Mini,ant-zest-mini-results-19,915.0,916.0,59.0
gson,EI,gson-ei-results-7,321.0,321.0,294.0
rhino,BeDivFuzz,rhino-bedivfuzz-structure-results-2,3269.0,3288.0,146.0
closure,BeDivFuzz,closure-bedivfuzz-structure-results-11,12328.0,12420.0,2006.0
gson,Zeugma,gson-zeugma-linked-results-6,321.0,321.0,321.0
chocopy,Zest,chocopy-zest-results-2,876.0,876.0,263.0
closure,Zest,closure-zest-results-4,12426.0,12524.0,1415.0
gson,Random,gson-random-results-12,319.0,321.0,296.0
closure,Zest,closure-zest-results-8,12467.0,12531.0,1415.0
closure,Zeugma-None,closure-zeugma-none-results-results-18,0.0,0.0,0.0
rhino,Zeugma-None,rhino-zeugma-none-results-results-10,0.0,0.0,0.0
chocopy,BeDivFuzz,chocopy-bedivfuzz-structure-results-10,880.0,889.0,263.0
closure,BeDivFuzz-Simple,closure-bedivfuzz-simple-results-3,12282.0,12441.0,1415.0
maven,Zeugma,maven-zeugma-linked-results-7,1138.0,1138.0,1138.0
maven,Zeugma-None,maven-zeugma-none-results-results-9,0.0,0.0,0.0
closure,Zest-Mini,closure-zest-mini-results-18,12377.0,12418.0,4111.0
maven,Random,maven-random-results-15,588.0,661.0,257.0
rhino,BeDivFuzz,rhino-bedivfuzz-structure-results-1,3294.0,3323.0,835.0
maven,Zeugma,maven-zeugma-linked-results-3,1138.0,1138.0,1138.0
chocopy,EI,chocopy-ei-results-11,899.0,899.0,333.0
maven,BeDivFuzz-Simple,maven-bedivfuzz-simple-results-2,745.0,910.0,255.0
maven,BeDivFuzz,maven-bedivfuzz-structure-results-8,724.0,746.0,255.0
chocopy,Random,chocopy-random-results-4,881.0,881.0,412.0
jackson,Zeugma,jackson-zeugma-linked-results-19,1124.0,1124.0,1124.0
ant,Zeugma,ant-zeugma-linked-results-12,914.0,916.0,914.0
maven,Zeugma,maven-zeugma-linked-results-15,1138.0,1138.0,1138.0
maven,BeDivFuzz-Simple,maven-bedivfuzz-simple-results-0,818.0,867.0,255.0
chocopy,Zeugma-None,chocopy-zeugma-none-results-results-1,0.0,0.0,0.0
rhino,Zeugma,rhino-zeugma-linked-results-15,3793.0,3865.0,3860.0
chocopy,EI,chocopy-ei-results-5,898.0,898.0,327.0
maven,Zest,maven-zest-results-12,1096.0,1138.0,255.0
maven,Zeugma-None,maven-zeugma-none-results-results-16,0.0,0.0,0.0
maven,EI,maven-ei-results-3,1124.0,1138.0,257.0
chocopy,Zeugma-None,chocopy-zeugma-none-results-results-15,0.0,0.0,0.0
maven,EI,maven-ei-results-8,1126.0,1138.0,251.0
jackson,Zest-Mini,jackson-zest-mini-results-12,1121.0,1121.0,820.0
ant,Zeugma,ant-zeugma-linked-results-18,909.0,911.0,907.0
jackson,Zest-Mini,jackson-zest-mini-results-6,1121.0,1121.0,885.0
rhino,Random,rhino-random-results-9,3138.0,3209.0,577.0
ant,BeDivFuzz,ant-bedivfuzz-structure-results-8,890.0,891.0,59.0
gson,Zest,gson-zest-results-2,321.0,321.0,297.0
chocopy,BeDivFuzz,chocopy-bedivfuzz-structure-results-17,874.0,889.0,293.0
gson,BeDivFuzz,gson-bedivfuzz-structure-results-7,321.0,321.0,233.0
rhino,Zeugma-None,rhino-zeugma-none-results-results-8,0.0,0.0,0.0
closure,Random,closure-random-results-12,10910.0,11246.0,1810.0
maven,Zeugma,maven-zeugma-linked-results-9,1137.0,1138.0,1138.0
closure,Zest-Mini,closure-zest-mini-results-9,12375.0,12408.0,4112.0
jackson,Zest,jackson-zest-results-11,1121.0,1121.0,1018.0
closure,BeDivFuzz,closure-bedivfuzz-structure-results-1,12419.0,12514.0,1727.0
gson,Zeugma-None,gson-zeugma-none-results-results-18,0.0,0.0,0.0
ant,EI,ant-ei-results-3,912.0,922.0,59.0
gson,Zest,gson-zest-results-9,321.0,321.0,294.0
rhino,Zeugma,rhino-zeugma-linked-results-17,3818.0,3884.0,3875.0
maven,Zest-Mini,maven-zest-mini-results-7,1124.0,1138.0,256.0
gson,Zeugma-None,gson-zeugma-none-results-results-6,0.0,0.0,0.0
closure,Zeugma-None,closure-zeugma-none-results-results-14,0.0,0.0,0.0
chocopy,Random,chocopy-random-results-11,875.0,875.0,366.0
closure,BeDivFuzz,closure-bedivfuzz-structure-results-8,12415.0,12457.0,3920.0
maven,Zest-Mini,maven-zest-mini-results-5,1087.0,1137.0,257.0
chocopy,Random,chocopy-random-results-1,875.0,876.0,463.0
jackson,Zest-Mini,jackson-zest-mini-results-8,1121.0,1121.0,1050.0
maven,Zest-Mini,maven-zest-mini-results-6,1067.0,1138.0,251.0
chocopy,Zest-Mini,chocopy-zest-mini-results-16,882.0,896.0,319.0
ant,Zeugma,ant-zeugma-linked-results-16,902.0,904.0,902.0
maven,Zeugma-None,maven-zeugma-none-results-results-5,0.0,0.0,0.0
closure,Random,closure-random-results-17,10907.0,11237.0,1415.0
jackson,Zeugma,jackson-zeugma-linked-results-8,1124.0,1124.0,1124.0
gson,EI,gson-ei-results-3,321.0,321.0,299.0
gson,BeDivFuzz,gson-bedivfuzz-structure-results-15,321.0,321.0,273.0
ant,Zeugma,ant-zeugma-linked-results-13,905.0,906.0,904.0
gson,Random,gson-random-results-19,319.0,321.0,303.0
jackson,BeDivFuzz,jackson-bedivfuzz-structure-results-11,1121.0,1121.0,752.0
chocopy,Zeugma,chocopy-zeugma-linked-results-4,877.0,877.0,877.0
gson,Zest-Mini,gson-zest-mini-results-2,321.0,321.0,305.0
ant,EI,ant-ei-results-15,905.0,916.0,59.0
ant,Random,ant-random-results-8,620.0,763.0,59.0
rhino,Zest,rhino-zest-results-19,3478.0,3546.0,146.0
ant,BeDivFuzz,ant-bedivfuzz-structure-results-19,889.0,892.0,59.0
closure,Zeugma-None,closure-zeugma-none-results-results-15,0.0,0.0,0.0
chocopy,Zest-Mini,chocopy-zest-mini-results-3,875.0,875.0,303.0
maven,Zeugma-None,maven-zeugma-none-results-results-18,0.0,0.0,0.0
ant,Zeugma-None,ant-zeugma-none-results-results-19,0.0,0.0,0.0
closure,Zeugma-None,closure-zeugma-none-results-results-3,0.0,0.0,0.0
closure,Zeugma-None,closure-zeugma-none-results-results-4,0.0,0.0,0.0
closure,Zeugma-None,closure-zeugma-none-results-results-6,0.0,0.0,0.0
closure,Zeugma,closure-zeugma-linked-results-8,12640.0,13416.0,12671.0
closure,Zest-Mini,closure-zest-mini-results-11,12392.0,12421.0,1415.0
closure,Zeugma,closure-zeugma-linked-results-3,12676.0,13408.0,12780.0
gson,Zest,gson-zest-results-3,321.0,321.0,302.0
closure,Random,closure-random-results-0,10796.0,10951.0,4134.0
chocopy,Zest-Mini,chocopy-zest-mini-results-8,875.0,876.0,300.0
rhino,Random,rhino-random-results-7,3173.0,3213.0,137.0
jackson,BeDivFuzz,jackson-bedivfuzz-structure-results-19,1121.0,1121.0,1054.0
rhino,EI,rhino-ei-results-18,3427.0,3478.0,242.0
chocopy,Zeugma,chocopy-zeugma-linked-results-16,876.0,877.0,877.0
maven,Zeugma-None,maven-zeugma-none-results-results-13,0.0,0.0,0.0
chocopy,Zest-Mini,chocopy-zest-mini-results-10,873.0,874.0,263.0
chocopy,EI,chocopy-ei-results-14,899.0,899.0,347.0
ant,Zest,ant-zest-results-0,905.0,905.0,59.0
maven,Zest-Mini,maven-zest-mini-results-10,1063.0,1138.0,259.0
gson,Zest-Mini,gson-zest-mini-results-13,321.0,321.0,289.0
chocopy,Zeugma,chocopy-zeugma-linked-results-15,877.0,877.0,877.0
rhino,Zest,rhino-zest-results-9,3598.0,3670.0,143.0
chocopy,Zeugma,chocopy-zeugma-linked-results-7,896.0,896.0,896.0
closure,Zest,closure-zest-results-2,12451.0,12567.0,1415.0
maven,BeDivFuzz,maven-bedivfuzz-structure-results-3,661.0,668.0,251.0
chocopy,Zest,chocopy-zest-results-9,895.0,897.0,293.0
jackson,Random,jackson-random-results-0,1112.0,1113.0,1033.0
rhino,Zeugma-None,rhino-zeugma-none-results-results-3,0.0,0.0,0.0
chocopy,EI,chocopy-ei-results-10,898.0,898.0,263.0
ant,BeDivFuzz,ant-bedivfuzz-structure-results-16,887.0,888.0,59.0
closure,Zeugma,closure-zeugma-linked-results-12,12634.0,13050.0,12495.0
chocopy,BeDivFuzz,chocopy-bedivfuzz-structure-results-7,885.0,889.0,344.0
gson,Zeugma,gson-zeugma-linked-results-4,321.0,321.0,321.0
closure,Zest,closure-zest-results-0,12649.0,12908.0,1415.0
gson,Zest-Mini,gson-zest-mini-results-6,321.0,321.0,295.0
chocopy,Zest-Mini,chocopy-zest-mini-results-14,876.0,876.0,263.0
ant,EI,ant-ei-results-17,906.0,920.0,59.0
gson,Zest-Mini,gson-zest-mini-results-14,321.0,321.0,289.0
gson,BeDivFuzz-Simple,gson-bedivfuzz-simple-results-1,321.0,321.0,301.0
closure,Zest,closure-zest-results-14,12390.0,12512.0,1489.0
rhino,EI,rhino-ei-results-13,3432.0,3493.0,281.0
gson,Random,gson-random-results-13,319.0,319.0,270.0
chocopy,Random,chocopy-random-results-6,876.0,876.0,343.0
ant,Zeugma-None,ant-zeugma-none-results-results-3,0.0,0.0,0.0
rhino,Zest,rhino-zest-results-2,3454.0,3681.0,950.0
maven,Zeugma,maven-zeugma-linked-results-14,1138.0,1138.0,1138.0
chocopy,BeDivFuzz,chocopy-bedivfuzz-structure-results-2,875.0,875.0,321.0
chocopy,BeDivFuzz,chocopy-bedivfuzz-structure-results-11,888.0,889.0,263.0
jackson,EI,jackson-ei-results-18,1121.0,1121.0,1027.0
chocopy,Zeugma-None,chocopy-zeugma-none-results-results-17,0.0,0.0,0.0
closure,Random,closure-random-results-11,10924.0,11095.0,1415.0
maven,EI,maven-ei-results-0,1106.0,1137.0,251.0
ant,Zeugma,ant-zeugma-linked-results-5,896.0,904.0,896.0
jackson,Zest,jackson-zest-results-16,1121.0,1121.0,1054.0
ant,Zest,ant-zest-results-7,922.0,922.0,59.0
rhino,Zest-Mini,rhino-zest-mini-results-16,3688.0,3744.0,871.0
ant,BeDivFuzz-Simple,ant-bedivfuzz-simple-results-1,889.0,894.0,59.0
jackson,BeDivFuzz,jackson-bedivfuzz-structure-results-13,1121.0,1121.0,894.0
chocopy,Zest,chocopy-zest-results-5,889.0,889.0,397.0
rhino,EI,rhino-ei-results-4,3407.0,3415.0,847.0
closure,BeDivFuzz,closure-bedivfuzz-structure-results-2,12121.0,12216.0,1829.0
jackson,EI,jackson-ei-results-0,1121.0,1121.0,839.0
gson,Zeugma,gson-zeugma-linked-results-16,321.0,321.0,321.0
jackson,BeDivFuzz-Simple,jackson-bedivfuzz-simple-results-3,1121.0,1121.0,1073.0
jackson,Random,jackson-random-results-17,1113.0,1118.0,906.0
closure,Zest,closure-zest-results-16,12431.0,12516.0,1413.0
gson,BeDivFuzz,gson-bedivfuzz-structure-results-19,321.0,321.0,250.0
ant,Zest-Mini,ant-zest-mini-results-9,899.0,915.0,59.0
maven,EI,maven-ei-results-14,1103.0,1137.0,257.0
rhino,BeDivFuzz,rhino-bedivfuzz-structure-results-4,3295.0,3320.0,1349.0
ant,Zeugma,ant-zeugma-linked-results-4,919.0,919.0,919.0
jackson,Zeugma,jackson-zeugma-linked-results-4,1121.0,1123.0,1123.0
gson,Zeugma-None,gson-zeugma-none-results-results-19,0.0,0.0,0.0
maven,BeDivFuzz,maven-bedivfuzz-structure-results-13,614.0,632.0,213.0
maven,Zeugma-None,maven-zeugma-none-results-results-12,0.0,0.0,0.0
chocopy,BeDivFuzz-Simple,chocopy-bedivfuzz-simple-results-3,874.0,874.0,328.0
closure,Zest-Mini,closure-zest-mini-results-1,12189.0,12287.0,4135.0
rhino,EI,rhino-ei-results-5,3476.0,3481.0,960.0
ant,EI,ant-ei-results-8,920.0,920.0,59.0
closure,Zest,closure-zest-results-18,12434.0,12511.0,1415.0
gson,Zest-Mini,gson-zest-mini-results-0,321.0,321.0,279.0
maven,Zeugma-None,maven-zeugma-none-results-results-8,0.0,0.0,0.0
maven,BeDivFuzz,maven-bedivfuzz-structure-results-19,668.0,682.0,255.0
jackson,Random,jackson-random-results-8,1113.0,1113.0,1033.0
ant,Zeugma-None,ant-zeugma-none-results-results-7,0.0,0.0,0.0
closure,Zest-Mini,closure-zest-mini-results-17,12402.0,12438.0,1719.0
jackson,Zeugma-None,jackson-zeugma-none-results-results-4,0.0,0.0,0.0
ant,BeDivFuzz,ant-bedivfuzz-structure-results-11,890.0,892.0,59.0
gson,Zeugma-None,gson-zeugma-none-results-results-16,0.0,0.0,0.0
rhino,Random,rhino-random-results-5,3152.0,3222.0,137.0
jackson,EI,jackson-ei-results-10,1121.0,1121.0,1062.0
closure,Zest-Mini,closure-zest-mini-results-14,12536.0,12563.0,1415.0
jackson,Random,jackson-random-results-10,1113.0,1113.0,975.0
closure,Zeugma,closure-zeugma-linked-results-19,12818.0,13677.0,12877.0
maven,EI,maven-ei-results-4,1107.0,1138.0,257.0
jackson,Zeugma-None,jackson-zeugma-none-results-results-0,0.0,0.0,0.0
ant,BeDivFuzz,ant-bedivfuzz-structure-results-6,893.0,906.0,59.0
ant,Zeugma-None,ant-zeugma-none-results-results-12,0.0,0.0,0.0
rhino,Zest-Mini,rhino-zest-mini-results-11,3465.0,3560.0,274.0
gson,BeDivFuzz,gson-bedivfuzz-structure-results-14,321.0,321.0,299.0
gson,Zest-Mini,gson-zest-mini-results-9,321.0,321.0,270.0
gson,Random,gson-random-results-15,319.0,321.0,301.0
closure,BeDivFuzz,closure-bedivfuzz-structure-results-10,12149.0,12263.0,4112.0
chocopy,Random,chocopy-random-results-7,877.0,878.0,263.0
maven,EI,maven-ei-results-13,1097.0,1137.0,213.0
chocopy,Zest-Mini,chocopy-zest-mini-results-11,889.0,889.0,381.0
closure,EI,closure-ei-results-8,12596.0,12765.0,1413.0
gson,EI,gson-ei-results-8,321.0,321.0,252.0
maven,Zeugma-None,maven-zeugma-none-results-results-10,0.0,0.0,0.0
gson,Random,gson-random-results-10,319.0,319.0,204.0
chocopy,Zeugma,chocopy-zeugma-linked-results-2,884.0,897.0,885.0
chocopy,BeDivFuzz,chocopy-bedivfuzz-structure-results-0,876.0,876.0,303.0
jackson,EI,jackson-ei-results-11,1121.0,1121.0,1055.0
ant,Zeugma,ant-zeugma-linked-results-7,901.0,903.0,901.0
ant,Zeugma-None,ant-zeugma-none-results-results-9,0.0,0.0,0.0
gson,Zest-Mini,gson-zest-mini-results-10,321.0,321.0,297.0
gson,Zest-Mini,gson-zest-mini-results-11,321.0,321.0,240.0
ant,Random,ant-random-results-17,635.0,764.0,29.0
ant,Zeugma,ant-zeugma-linked-results-15,914.0,915.0,914.0
ant,EI,ant-ei-results-18,920.0,922.0,59.0
gson,Zeugma-None,gson-zeugma-none-results-results-13,0.0,0.0,0.0
maven,Zest,maven-zest-results-13,1119.0,1138.0,249.0
maven,Zest,maven-zest-results-1,1094.0,1137.0,249.0
ant,BeDivFuzz,ant-bedivfuzz-structure-results-4,889.0,895.0,59.0
jackson,Random,jackson-random-results-4,1112.0,1121.0,1057.0
chocopy,Zest-Mini,chocopy-zest-mini-results-6,884.0,885.0,400.0
jackson,BeDivFuzz,jackson-bedivfuzz-structure-results-18,1121.0,1121.0,1060.0
maven,EI,maven-ei-results-10,1108.0,1137.0,255.0
ant,Zeugma-None,ant-zeugma-none-results-results-4,0.0,0.0,0.0
rhino,BeDivFuzz,rhino-bedivfuzz-structure-results-3,3295.0,3314.0,1283.0
closure,Zeugma,closure-zeugma-linked-results-14,12949.0,13452.0,12986.0
gson,Zeugma-None,gson-zeugma-none-results-results-4,0.0,0.0,0.0
ant,Zest-Mini,ant-zest-mini-results-5,904.0,904.0,59.0
rhino,Zest-Mini,rhino-zest-mini-results-15,3561.0,3664.0,871.0
rhino,BeDivFuzz,rhino-bedivfuzz-structure-results-13,3264.0,3310.0,949.0
gson,Zest,gson-zest-results-19,321.0,321.0,248.0
rhino,Random,rhino-random-results-2,3156.0,3228.0,236.0
jackson,Zest,jackson-zest-results-2,1121.0,1121.0,1046.0
closure,Zeugma,closure-zeugma-linked-results-6,12714.0,13173.0,12741.0
closure,Zest,closure-zest-results-15,12302.0,12387.0,1415.0
rhino,Zeugma-None,rhino-zeugma-none-results-results-15,0.0,0.0,0.0
ant,Zeugma,ant-zeugma-linked-results-0,0.0,0.0,0.0
jackson,EI,jackson-ei-results-2,1121.0,1121.0,932.0
chocopy,EI,chocopy-ei-results-1,899.0,899.0,442.0
ant,EI,ant-ei-results-9,916.0,916.0,59.0
rhino,Zest-Mini,rhino-zest-mini-results-19,3513.0,3754.0,835.0
jackson,Zest,jackson-zest-results-14,1121.0,1121.0,893.0
jackson,Zeugma-None,jackson-zeugma-none-results-results-11,0.0,0.0,0.0
maven,BeDivFuzz,maven-bedivfuzz-structure-results-0,742.0,757.0,213.0
maven,Zeugma-None,maven-zeugma-none-results-results-7,0.0,0.0,0.0
gson,Random,gson-random-results-3,319.0,319.0,191.0
rhino,Random,rhino-random-results-0,3180.0,3225.0,835.0
gson,Zest-Mini,gson-zest-mini-results-1,321.0,321.0,288.0
chocopy,Zeugma-None,chocopy-zeugma-none-results-results-4,0.0,0.0,0.0
closure,BeDivFuzz,closure-bedivfuzz-structure-results-5,12476.0,12599.0,1631.0
maven,Random,maven-random-results-4,609.0,678.0,213.0
rhino,Random,rhino-random-results-13,3153.0,3218.0,452.0
jackson,Zeugma-None,jackson-zeugma-none-results-results-2,0.0,0.0,0.0
closure,BeDivFuzz,closure-bedivfuzz-structure-results-3,12061.0,12214.0,1700.0
chocopy,Zest,chocopy-zest-results-13,890.0,891.0,342.0
chocopy,Zest-Mini,chocopy-zest-mini-results-18,874.0,874.0,333.0
rhino,Zest,rhino-zest-results-7,3618.0,3651.0,671.0
closure,Zeugma-None,closure-zeugma-none-results-results-19,0.0,0.0,0.0
jackson,Zeugma-None,jackson-zeugma-none-results-results-1,0.0,0.0,0.0
chocopy,BeDivFuzz,chocopy-bedivfuzz-structure-results-19,888.0,893.0,293.0
gson,BeDivFuzz-Simple,gson-bedivfuzz-simple-results-2,321.0,321.0,278.0
gson,Zest,gson-zest-results-12,321.0,321.0,289.0
rhino,Zest,rhino-zest-results-12,3451.0,3664.0,390.0
closure,Random,closure-random-results-15,10716.0,11051.0,1415.0
chocopy,Zest,chocopy-zest-results-7,889.0,893.0,419.0
jackson,EI,jackson-ei-results-17,1121.0,1121.0,1008.0
gson,Zest-Mini,gson-zest-mini-results-7,321.0,321.0,209.0
rhino,Zest,rhino-zest-results-5,3497.0,3523.0,824.0
maven,Random,maven-random-results-1,600.0,675.0,249.0
jackson,Zest-Mini,jackson-zest-mini-results-19,1120.0,1120.0,1021.0
ant,Zeugma,ant-zeugma-linked-results-10,898.0,898.0,898.0
closure,Zest-Mini,closure-zest-mini-results-2,12351.0,12401.0,4111.0
closure,Zeugma-None,closure-zeugma-none-results-results-16,0.0,0.0,0.0
chocopy,Zest,chocopy-zest-results-12,889.0,889.0,322.0
chocopy,Zeugma,chocopy-zeugma-linked-results-19,869.0,869.0,869.0
ant,EI,ant-ei-results-19,908.0,908.0,59.0
maven,Zest,maven-zest-results-7,1076.0,1137.0,259.0
jackson,Zeugma-None,jackson-zeugma-none-results-results-15,0.0,0.0,0.0
jackson,Random,jackson-random-results-3,1112.0,1113.0,991.0
gson,Zest,gson-zest-results-13,321.0,321.0,250.0
maven,Zest,maven-zest-results-18,1095.0,1138.0,251.0
rhino,BeDivFuzz-Simple,rhino-bedivfuzz-simple-results-1,3309.0,3315.0,847.0
chocopy,BeDivFuzz,chocopy-bedivfuzz-structure-results-5,874.0,874.0,375.0
maven,Random,maven-random-results-14,611.0,666.0,255.0
rhino,Zeugma-None,rhino-zeugma-none-results-results-2,0.0,0.0,0.0
rhino,Zeugma,rhino-zeugma-linked-results-19,3811.0,3903.0,3888.0
chocopy,Zeugma-None,chocopy-zeugma-none-results-results-19,0.0,0.0,0.0
closure,Random,closure-random-results-3,10903.0,11103.0,1415.0
jackson,Random,jackson-random-results-12,1113.0,1113.0,1048.0
chocopy,Zeugma-None,chocopy-zeugma-none-results-results-11,0.0,0.0,0.0
ant,Zest-Mini,ant-zest-mini-results-10,920.0,921.0,59.0
jackson,Random,jackson-random-results-18,1112.0,1113.0,1054.0
chocopy,Zest,chocopy-zest-results-16,889.0,889.0,358.0
jackson,Zeugma-None,jackson-zeugma-none-results-results-19,0.0,0.0,0.0
maven,Zeugma-None,maven-zeugma-none-results-results-0,0.0,0.0,0.0
chocopy,Zeugma,chocopy-zeugma-linked-results-3,882.0,896.0,884.0
rhino,EI,rhino-ei-results-14,3465.0,3499.0,137.0
closure,Zeugma,closure-zeugma-linked-results-9,12785.0,13455.0,12855.0
maven,Zest,maven-zest-results-9,1113.0,1138.0,249.0
closure,Zest,closure-zest-results-6,12371.0,12497.0,1415.0
rhino,Zest,rhino-zest-results-6,3466.0,3515.0,184.0
chocopy,BeDivFuzz,chocopy-bedivfuzz-structure-results-13,889.0,890.0,293.0
gson,Zest,gson-zest-results-7,321.0,321.0,213.0
jackson,Zeugma-None,jackson-zeugma-none-results-results-12,0.0,0.0,0.0
closure,EI,closure-ei-results-17,12993.0,13049.0,1511.0
closure,Zest-Mini,closure-zest-mini-results-10,12367.0,12408.0,4111.0
maven,Zest,maven-zest-results-14,1104.0,1138.0,216.0
chocopy,Zest,chocopy-zest-results-17,884.0,884.0,369.0
maven,BeDivFuzz,maven-bedivfuzz-structure-results-16,639.0,653.0,257.0
gson,Zest,gson-zest-results-8,321.0,321.0,297.0
rhino,BeDivFuzz-Simple,rhino-bedivfuzz-simple-results-2,3299.0,3320.0,258.0
chocopy,Zeugma,chocopy-zeugma-linked-results-8,877.0,877.0,877.0
rhino,Random,rhino-random-results-15,3149.0,3206.0,837.0
rhino,BeDivFuzz,rhino-bedivfuzz-structure-results-15,3307.0,3337.0,420.0
maven,Zest-Mini,maven-zest-mini-results-2,1026.0,1138.0,249.0
closure,Zeugma-None,closure-zeugma-none-results-results-10,0.0,0.0,0.0
jackson,Zeugma,jackson-zeugma-linked-results-3,1122.0,1122.0,1122.0
rhino,Zest,rhino-zest-results-3,3430.0,3491.0,144.0
jackson,Zest-Mini,jackson-zest-mini-results-16,1121.0,1121.0,962.0
gson,Zest-Mini,gson-zest-mini-results-12,321.0,321.0,92.0
closure,EI,closure-ei-results-0,12537.0,12701.0,4298.0
ant,Zest-Mini,ant-zest-mini-results-14,920.0,920.0,59.0
rhino,Zeugma,rhino-zeugma-linked-results-5,3662.0,3805.0,3798.0
maven,Random,maven-random-results-18,596.0,679.0,251.0
jackson,Zeugma,jackson-zeugma-linked-results-9,1122.0,1124.0,1124.0
gson,BeDivFuzz,gson-bedivfuzz-structure-results-4,321.0,321.0,301.0
gson,Zeugma-None,gson-zeugma-none-results-results-15,0.0,0.0,0.0
maven,BeDivFuzz,maven-bedivfuzz-structure-results-11,646.0,685.0,213.0
chocopy,Random,chocopy-random-results-5,876.0,876.0,360.0
closure,Zest,closure-zest-results-5,12404.0,12480.0,1415.0
jackson,Random,jackson-random-results-14,1112.0,1113.0,984.0
rhino,Random,rhino-random-results-18,3133.0,3230.0,269.0
ant,BeDivFuzz-Simple,ant-bedivfuzz-simple-results-2,904.0,905.0,59.0
jackson,BeDivFuzz,jackson-bedivfuzz-structure-results-17,1121.0,1121.0,1052.0
rhino,Zeugma,rhino-zeugma-linked-results-3,3774.0,3812.0,3800.0
rhino,Zeugma,rhino-zeugma-linked-results-8,3820.0,3856.0,3838.0
chocopy,Zeugma,chocopy-zeugma-linked-results-13,882.0,884.0,882.0
maven,Zest,maven-zest-results-4,1113.0,1140.0,249.0
closure,BeDivFuzz-Simple,closure-bedivfuzz-simple-results-1,12343.0,12502.0,1791.0
rhino,Zest,rhino-zest-results-13,3454.0,3487.0,396.0
rhino,Zeugma-None,rhino-zeugma-none-results-results-9,0.0,0.0,0.0
chocopy,Random,chocopy-random-results-19,876.0,880.0,420.0
chocopy,Random,chocopy-random-results-12,876.0,876.0,328.0
jackson,EI,jackson-ei-results-1,1121.0,1121.0,1026.0
maven,Zest,maven-zest-results-11,1074.0,1138.0,216.0
gson,EI,gson-ei-results-18,321.0,321.0,295.0
jackson,Zest,jackson-zest-results-3,1121.0,1121.0,1041.0
maven,EI,maven-ei-results-15,1123.0,1138.0,213.0
ant,Zest,ant-zest-results-6,919.0,919.0,59.0
maven,EI,maven-ei-results-1,1116.0,1138.0,251.0
maven,Zest,maven-zest-results-6,1086.0,1137.0,257.0
ant,Random,ant-random-results-1,618.0,740.0,59.0
gson,BeDivFuzz,gson-bedivfuzz-structure-results-12,321.0,321.0,293.0
maven,EI,maven-ei-results-12,1121.0,1138.0,249.0
closure,Zest,closure-zest-results-13,12550.0,12867.0,1648.0
ant,BeDivFuzz,ant-bedivfuzz-structure-results-5,888.0,898.0,59.0
chocopy,Random,chocopy-random-results-13,879.0,879.0,378.0
ant,Zest,ant-zest-results-15,906.0,919.0,59.0
closure,Zest-Mini,closure-zest-mini-results-15,12510.0,12543.0,4134.0
closure,Zeugma-None,closure-zeugma-none-results-results-7,0.0,0.0,0.0
chocopy,Random,chocopy-random-results-15,875.0,883.0,354.0
closure,EI,closure-ei-results-2,13022.0,13066.0,4111.0
ant,BeDivFuzz,ant-bedivfuzz-structure-results-1,887.0,891.0,59.0
gson,Zest,gson-zest-results-15,321.0,321.0,247.0
jackson,BeDivFuzz-Simple,jackson-bedivfuzz-simple-results-1,1121.0,1121.0,1046.0
closure,Zest,closure-zest-results-12,12452.0,12584.0,1415.0
maven,Zeugma-None,maven-zeugma-none-results-results-1,0.0,0.0,0.0
gson,BeDivFuzz,gson-bedivfuzz-structure-results-9,321.0,321.0,253.0
chocopy,BeDivFuzz,chocopy-bedivfuzz-structure-results-4,873.0,889.0,366.0
ant,Zest,ant-zest-results-10,905.0,921.0,59.0
maven,Zest-Mini,maven-zest-mini-results-15,1096.0,1138.0,216.0
jackson,Zest,jackson-zest-results-15,1121.0,1121.0,897.0
rhino,Zest-Mini,rhino-zest-mini-results-10,3614.0,3687.0,255.0
rhino,Random,rhino-random-results-14,3191.0,3232.0,1422.0
ant,Zest-Mini,ant-zest-mini-results-1,910.0,912.0,61.0
gson,Zeugma-None,gson-zeugma-none-results-results-10,0.0,0.0,0.0
rhino,Zeugma,rhino-zeugma-linked-results-11,3771.0,3834.0,3828.0
maven,Zeugma-None,maven-zeugma-none-results-results-14,0.0,0.0,0.0
jackson,EI,jackson-ei-results-13,1121.0,1121.0,1063.0
rhino,Zeugma,rhino-zeugma-linked-results-9,3804.0,3834.0,3829.0
chocopy,BeDivFuzz,chocopy-bedivfuzz-structure-results-3,876.0,876.0,263.0
maven,Zeugma-None,maven-zeugma-none-results-results-2,0.0,0.0,0.0
gson,Zest,gson-zest-results-6,321.0,321.0,297.0
closure,Random,closure-random-results-2,10748.0,11059.0,1415.0
jackson,EI,jackson-ei-results-3,1121.0,1121.0,1052.0
ant,Zeugma,ant-zeugma-linked-results-9,896.0,913.0,896.0
closure,Zest-Mini,closure-zest-mini-results-5,12539.0,12564.0,4111.0
ant,Zeugma-None,ant-zeugma-none-results-results-0,0.0,0.0,0.0
gson,BeDivFuzz,gson-bedivfuzz-structure-results-2,321.0,321.0,304.0
gson,BeDivFuzz-Simple,gson-bedivfuzz-simple-results-3,321.0,321.0,223.0
chocopy,EI,chocopy-ei-results-7,876.0,884.0,369.0
closure,Zeugma-None,closure-zeugma-none-results-results-8,0.0,0.0,0.0
maven,Zest-Mini,maven-zest-mini-results-8,1110.0,1138.0,249.0
gson,Zeugma,gson-zeugma-linked-results-10,321.0,321.0,321.0
rhino,Zeugma-None,rhino-zeugma-none-results-results-17,0.0,0.0,0.0
chocopy,Zest,chocopy-zest-results-14,889.0,889.0,341.0
closure,Random,closure-random-results-10,10746.0,11217.0,1413.0
ant,Random,ant-random-results-18,608.0,751.0,59.0
closure,Zest-Mini,closure-zest-mini-results-12,12542.0,12576.0,1413.0
ant,Zeugma,ant-zeugma-linked-results-1,915.0,917.0,915.0
maven,Zest,maven-zest-results-16,1113.0,1138.0,249.0
maven,Random,maven-random-results-3,610.0,675.0,256.0
maven,BeDivFuzz,maven-bedivfuzz-structure-results-5,713.0,770.0,259.0
gson,EI,gson-ei-results-1,321.0,321.0,295.0
chocopy,Random,chocopy-random-results-18,877.0,878.0,374.0
rhino,EI,rhino-ei-results-16,3397.0,3397.0,325.0
jackson,Zeugma-None,jackson-zeugma-none-results-results-7,0.0,0.0,0.0
maven,Zeugma,maven-zeugma-linked-results-8,1138.0,1138.0,1138.0
maven,EI,maven-ei-results-9,1129.0,1138.0,249.0
chocopy,EI,chocopy-ei-results-12,898.0,899.0,459.0
jackson,Zest-Mini,jackson-zest-mini-results-9,1121.0,1121.0,1056.0
gson,BeDivFuzz,gson-bedivfuzz-structure-results-5,321.0,321.0,311.0
rhino,Zeugma,rhino-zeugma-linked-results-2,3832.0,3890.0,3876.0
maven,Random,maven-random-results-2,597.0,667.0,249.0
chocopy,EI,chocopy-ei-results-9,884.0,886.0,316.0
chocopy,Zest,chocopy-zest-results-8,889.0,889.0,364.0
maven,Random,maven-random-results-5,595.0,679.0,251.0
maven,Zest-Mini,maven-zest-mini-results-18,1122.0,1138.0,257.0
ant,Random,ant-random-results-2,575.0,774.0,59.0
closure,BeDivFuzz,closure-bedivfuzz-structure-results-18,12201.0,12446.0,1659.0
chocopy,BeDivFuzz,chocopy-bedivfuzz-structure-results-12,874.0,889.0,339.0
gson,Zest,gson-zest-results-4,321.0,321.0,305.0
rhino,Zest-Mini,rhino-zest-mini-results-8,3636.0,3712.0,146.0
ant,Random,ant-random-results-11,604.0,752.0,59.0
gson,Random,gson-random-results-18,319.0,321.0,285.0
gson,BeDivFuzz,gson-bedivfuzz-structure-results-3,321.0,321.0,246.0
jackson,BeDivFuzz,jackson-bedivfuzz-structure-results-4,1121.0,1121.0,752.0
ant,BeDivFuzz,ant-bedivfuzz-structure-results-3,891.0,892.0,59.0
ant,Random,ant-random-results-9,627.0,750.0,29.0
chocopy,Zest-Mini,chocopy-zest-mini-results-0,866.0,872.0,293.0
ant,Zeugma-None,ant-zeugma-none-results-results-13,0.0,0.0,0.0
rhino,Zest-Mini,rhino-zest-mini-results-3,3477.0,3623.0,1188.0
closure,Random,closure-random-results-5,10770.0,11081.0,1415.0
gson,EI,gson-ei-results-12,321.0,321.0,263.0
