campaign_id,subject,executions,execution_based_corpus_size,time_to_execution_limit,time_based_corpus_size,normalized_execution_time
rhino-zest-mini-results-18,rhino,13205927,1326,43828.0,1326,0.0
ant-bedivfuzz-structure-results-0,ant,2581160,336863,38679.0,568,0.0
gson-bedivfuzz-structure-results-16,gson,31874985,1355407,38719.0,284,0.0
gson-zest-mini-results-17,gson,71551396,84,18529.0,84,0.0
maven-ei-results-11,maven,22809902,776,21719.0,776,0.0
jackson-zeugma-linked-results-15,jackson,52662735,46,5144.514,46,78924.1476
jackson-zest-mini-results-15,jackson,39819189,160,6791.0,160,0.0
gson-zeugma-none-results-results-2,gson,85944137,35,14655.219,35,0.0
jackson-random-results-6,jackson,53551787,114,4538.0,114,0.0
jackson-zeugma-none-results-results-5,jackson,49147933,41,5317.508,41,0.0
gson-bedivfuzz-structure-results-11,gson,45821819,1660506,26389.0,280,0.0
jackson-ei-results-5,jackson,27868219,136,11817.0,136,0.0
chocopy-ei-results-4,chocopy,53047377,711,55682.0,711,0.0
maven-random-results-11,maven,96487872,152,5349.0,152,0.0
jackson-random-results-2,jackson,57745594,113,4328.0,113,0.0
jackson-random-results-5,jackson,58321447,127,4535.0,127,0.0
jackson-zest-results-13,jackson,53582546,150,5725.0,150,0.0
chocopy-ei-results-15,chocopy,69967171,666,41780.0,666,0.0
ant-ei-results-1,ant,2014742,518,52823.0,518,0.0
maven-zeugma-linked-results-11,maven,18952082,404,27192.983,404,86419.83855000001
maven-zest-results-5,maven,53894660,717,8966.0,717,0.0
ant-ei-results-0,ant,1872295,521,56341.0,521,0.0
maven-ei-results-19,maven,21430239,769,22610.0,769,0.0
maven-zest-mini-results-12,maven,60596772,639,7709.0,639,0.0
rhino-zeugma-linked-results-7,rhino,14601080,561,40642.557,561,75998.73705
closure-zeugma-linked-results-11,closure,2489353,1117,19075.66,1117,23389.6133
ant-ei-results-2,ant,1999707,548,52716.0,548,0.0
rhino-random-results-1,rhino,18423483,901,31175.0,901,0.0
jackson-random-results-1,jackson,57473762,111,4307.0,111,0.0
jackson-zest-results-7,jackson,47143147,141,5908.0,141,0.0
jackson-zeugma-none-results-results-3,jackson,47809718,47,5447.191,47,0.0
chocopy-zeugma-linked-results-9,chocopy,108459147,180,27148.498,180,29446.14445
gson-zeugma-none-results-results-7,gson,76239518,33,16081.804,33,0.0
closure-zeugma-none-results-results-5,closure,3361338,903,13969.718,903,0.0
ant-bedivfuzz-structure-results-14,ant,1928058,376471,51529.0,682,0.0
ant-zeugma-linked-results-2,ant,1863553,158,57105.283,158,57158.68315
chocopy-zeugma-none-results-results-14,chocopy,198341399,159,14871.147,159,0.0
closure-zest-results-9,closure,1029148,3940,47388.0,3940,0.0
chocopy-bedivfuzz-simple-results-1,chocopy,34184636,4680382,86460.0,1904,0.0
closure-zeugma-none-results-results-17,closure,3067256,1002,15484.404,1002,0.0
jackson-bedivfuzz-structure-results-15,jackson,36349439,2276871,8422.0,484,0.0
rhino-random-results-17,rhino,20387874,882,28164.0,882,0.0
rhino-bedivfuzz-structure-results-9,rhino,12347495,3112559,42959.0,1882,0.0
rhino-zest-results-11,rhino,12005275,1372,48459.0,1372,0.0
chocopy-zeugma-none-results-results-12,chocopy,197844549,149,14914.376,149,0.0
ant-zest-mini-results-0,ant,1722747,486,61609.0,486,0.0
chocopy-ei-results-6,chocopy,58171358,708,50913.0,708,0.0
rhino-zest-mini-results-14,rhino,12001203,1216,48319.0,1216,0.0
maven-zest-mini-results-0,maven,56339166,646,7068.0,646,0.0
rhino-zest-mini-results-17,rhino,15651986,1427,37490.0,1427,0.0
closure-zest-mini-results-7,closure,716508,4148,68191.0,4148,0.0
rhino-zeugma-linked-results-0,rhino,14566571,557,40729.018,557,75998.73705
chocopy-zest-results-0,chocopy,38617363,536,76483.0,536,0.0
jackson-zeugma-linked-results-0,jackson,44402969,45,6095.618,45,78924.1476
chocopy-bedivfuzz-structure-results-14,chocopy,177773713,28745,16053.0,726,0.0
maven-ei-results-17,maven,23094056,794,21697.0,794,0.0
rhino-zeugma-linked-results-18,rhino,13826745,615,42286.126,615,75998.73705
jackson-ei-results-15,jackson,36933768,174,7865.0,174,0.0
maven-bedivfuzz-structure-results-15,maven,12003805,338040,41624.0,504,0.0
jackson-bedivfuzz-structure-results-2,jackson,28557761,2215524,11096.0,492,0.0
gson-zest-mini-results-19,gson,86843273,84,15199.0,84,0.0
gson-zeugma-none-results-results-3,gson,79977527,44,15303.678,44,0.0
maven-zest-mini-results-19,maven,75090575,743,6734.0,743,0.0
gson-ei-results-17,gson,46898770,91,26521.0,91,0.0
ant-zest-mini-results-16,ant,1623518,473,64469.0,473,0.0
rhino-ei-results-7,rhino,7722647,1444,74962.0,1444,0.0
maven-bedivfuzz-structure-results-14,maven,11780712,313613,43259.0,490,0.0
ant-zeugma-none-results-results-16,ant,2932673,171,34971.906,171,0.0
closure-bedivfuzz-structure-results-12,closure,860817,340482,56137.0,4994,0.0
jackson-zest-mini-results-18,jackson,32892496,160,8106.0,160,0.0
closure-ei-results-18,closure,923072,4922,50469.0,4922,0.0
maven-zeugma-none-results-results-11,maven,27098173,410,18978.634,410,0.0
jackson-random-results-7,jackson,56530382,122,5157.0,122,0.0
jackson-zest-results-10,jackson,50941503,166,5095.0,166,0.0
chocopy-zest-results-19,chocopy,61971988,630,47305.0,630,0.0
jackson-zeugma-none-results-results-13,jackson,49362737,55,5274.501,55,0.0
gson-bedivfuzz-structure-results-8,gson,30688237,1391822,44084.0,262,0.0
rhino-zest-mini-results-9,rhino,13351255,1372,42967.0,1372,0.0
jackson-zeugma-none-results-results-10,jackson,45839589,42,5836.277,42,0.0
rhino-zeugma-linked-results-13,rhino,14029474,576,41550.794,576,75998.73705
gson-random-results-1,gson,148356099,59,8404.0,59,0.0
rhino-zeugma-none-results-results-5,rhino,15966099,538,36966.82,538,0.0
gson-zest-results-14,gson,77283379,73,15532.0,73,0.0
gson-random-results-0,gson,146127885,64,8507.0,64,0.0
maven-zest-results-0,maven,58561752,743,9080.0,743,0.0
maven-random-results-8,maven,96695975,145,5338.0,145,0.0
closure-ei-results-3,closure,902302,4543,52275.0,4543,0.0
closure-zeugma-none-results-results-11,closure,3286365,901,14402.327,901,0.0
gson-bedivfuzz-structure-results-13,gson,52271592,1799375,23223.0,342,0.0
jackson-zest-results-8,jackson,47917932,142,5439.0,142,0.0
closure-random-results-4,closure,1246965,2164,38580.0,2164,0.0
gson-zeugma-linked-results-7,gson,65924444,35,18632.48,35,78943.36665000001
chocopy-zest-results-11,chocopy,61567785,639,47423.0,639,0.0
maven-zest-results-15,maven,53830142,753,9447.0,753,0.0
chocopy-zest-results-3,chocopy,45240040,525,64561.0,525,0.0
rhino-zeugma-linked-results-16,rhino,13718874,559,43150.378,559,75998.73705
ant-zest-results-1,ant,2756173,494,37653.0,494,0.0
maven-zest-mini-results-1,maven,75607160,726,6464.0,726,0.0
chocopy-ei-results-2,chocopy,46372992,643,63586.0,643,0.0
closure-zest-results-3,closure,955833,4061,51183.0,4061,0.0
ant-zeugma-linked-results-17,ant,1821998,157,58150.628,157,57158.68315
jackson-bedivfuzz-simple-results-0,jackson,3517288,2379354,9534.0,530,0.0
ant-zeugma-none-results-results-18,ant,3136225,152,33673.224,152,0.0
jackson-ei-results-8,jackson,29980584,139,9692.0,139,0.0
maven-zeugma-none-results-results-19,maven,26998374,410,19065.076,410,0.0
rhino-random-results-19,rhino,20746048,913,27633.0,913,0.0
jackson-zeugma-linked-results-12,jackson,34776321,48,7738.712,48,78924.1476
chocopy-zest-results-15,chocopy,56220750,596,51359.0,596,0.0
maven-zeugma-none-results-results-17,maven,26278101,402,19627.136,402,0.0
gson-zeugma-none-results-results-8,gson,86861623,36,13920.257,36,0.0
closure-zest-results-1,closure,1041383,3910,46924.0,3910,0.0
gson-ei-results-5,gson,37493227,69,33106.0,69,0.0
rhino-zest-results-18,rhino,12458520,1354,47352.0,1354,0.0
rhino-ei-results-8,rhino,9423736,1426,61628.0,1426,0.0
jackson-bedivfuzz-structure-results-9,jackson,35483411,2244579,8493.0,474,0.0
maven-zest-mini-results-4,maven,68526828,696,7266.0,696,0.0
ant-zest-results-12,ant,3067309,512,34843.0,512,0.0
maven-zest-mini-results-16,maven,66767946,743,7372.0,743,0.0
ant-zeugma-linked-results-6,ant,1569633,154,67774.285,154,57158.68315
closure-random-results-13,closure,1241658,2227,38790.0,2227,0.0
jackson-zest-mini-results-2,jackson,37315911,134,6150.0,134,0.0
maven-zeugma-none-results-results-6,maven,26348245,409,19583.849,409,0.0
maven-bedivfuzz-structure-results-1,maven,10777552,369990,48867.0,626,0.0
gson-zeugma-none-results-results-17,gson,79075517,33,15260.416,33,0.0
maven-zeugma-linked-results-12,maven,19229203,395,26847.158,395,86419.83855000001
rhino-ei-results-0,rhino,9926061,1416,58090.0,1416,0.0
rhino-zest-mini-results-0,rhino,13374757,1361,43012.0,1361,0.0
chocopy-zest-results-18,chocopy,62115322,627,47232.0,627,0.0
chocopy-zeugma-none-results-results-9,chocopy,192021945,158,15389.905,158,0.0
ant-bedivfuzz-simple-results-3,ant,2851766,352720,36040.0,1104,0.0
ant-ei-results-11,ant,1969529,538,53816.0,538,0.0
jackson-zeugma-linked-results-10,jackson,42573110,50,7522.315,50,78924.1476
closure-random-results-18,closure,1398768,2179,34710.0,2179,0.0
chocopy-ei-results-17,chocopy,57369083,695,51152.0,695,0.0
gson-zeugma-linked-results-3,gson,71805575,40,17119.419,40,78943.36665000001
rhino-zest-results-0,rhino,13421870,1309,43658.0,1309,0.0
chocopy-bedivfuzz-simple-results-2,chocopy,43060928,4252805,64314.0,1640,0.0
gson-zest-mini-results-3,gson,52800492,62,22625.0,62,0.0
ant-zeugma-linked-results-8,ant,1632252,158,64693.897,158,57158.68315
rhino-zeugma-none-results-results-18,rhino,15731988,524,37486.018,524,0.0
chocopy-zeugma-linked-results-11,chocopy,139620270,166,21096.293,166,29446.14445
chocopy-zeugma-linked-results-0,chocopy,123199042,172,23906.228,172,29446.14445
chocopy-zeugma-linked-results-5,chocopy,135246138,165,21831.179,165,29446.14445
chocopy-random-results-2,chocopy,109250002,505,27071.0,505,0.0
rhino-ei-results-19,rhino,8753433,1498,66605.0,1498,0.0
rhino-ei-results-11,rhino,7780858,1510,74729.0,1510,0.0
gson-ei-results-16,gson,52484252,71,22997.0,71,0.0
jackson-zest-results-4,jackson,43098960,148,6710.0,148,0.0
ant-random-results-6,ant,48778803,42,2151.0,42,0.0
ant-zest-mini-results-8,ant,1879280,471,56557.0,471,0.0
ant-zest-mini-results-17,ant,1658065,500,64015.0,500,0.0
jackson-zest-results-17,jackson,45626929,139,6073.0,139,0.0
closure-bedivfuzz-structure-results-17,closure,795302,366395,60461.0,4416,0.0
rhino-zest-mini-results-2,rhino,13530990,1326,42627.0,1326,0.0
jackson-zeugma-linked-results-14,jackson,48191616,48,5576.86,48,78924.1476
closure-ei-results-10,closure,919519,4962,51910.0,4962,0.0
jackson-bedivfuzz-structure-results-6,jackson,42118970,2416673,7134.0,542,0.0
closure-zest-mini-results-4,closure,804165,4215,60121.0,4215,0.0
closure-bedivfuzz-simple-results-0,closure,561170,357497,60862.0,11176,0.0
ant-bedivfuzz-structure-results-17,ant,2305196,377860,45222.0,600,0.0
ant-ei-results-12,ant,2182469,479,48470.0,479,0.0
closure-zeugma-linked-results-18,closure,2245138,1137,21283.582,1137,23389.6133
chocopy-random-results-10,chocopy,105011982,502,28143.0,502,0.0
chocopy-zeugma-none-results-results-7,chocopy,191442956,157,15389.903,157,0.0
closure-zeugma-linked-results-4,closure,1965314,1129,24314.905,1129,23389.6133
rhino-ei-results-3,rhino,8013723,1427,72516.0,1427,0.0
closure-random-results-1,closure,1251879,2318,38509.0,2318,0.0
maven-bedivfuzz-structure-results-9,maven,11307293,325324,44788.0,452,0.0
gson-zeugma-linked-results-14,gson,68496276,30,17984.062,30,78943.36665000001
maven-zeugma-linked-results-10,maven,19032674,400,27063.344,400,86419.83855000001
chocopy-zeugma-none-results-results-10,chocopy,195493798,164,15087.296,164,0.0
rhino-zeugma-linked-results-10,rhino,14407109,566,40902.454,566,75998.73705
maven-zeugma-none-results-results-4,maven,26965544,415,19151.568,415,0.0
gson-ei-results-10,gson,40791070,82,30289.0,82,0.0
gson-ei-results-11,gson,30493478,93,40683.0,93,0.0
ant-zest-results-8,ant,2194609,484,48337.0,484,0.0
rhino-ei-results-6,rhino,8985274,1466,65343.0,1466,0.0
jackson-bedivfuzz-structure-results-1,jackson,33576036,2337848,8635.0,496,0.0
ant-random-results-16,ant,60108563,46,1760.0,46,0.0
closure-zeugma-linked-results-2,closure,2349713,1164,20504.737,1164,23389.6133
closure-bedivfuzz-structure-results-15,closure,790425,365694,61108.0,4454,0.0
closure-random-results-14,closure,1231897,2303,39084.0,2303,0.0
maven-bedivfuzz-simple-results-3,maven,23302825,311867,22538.0,786,0.0
rhino-bedivfuzz-structure-results-0,rhino,10575222,3150843,48289.0,1962,0.0
ant-zeugma-none-results-results-6,ant,2965771,157,35316.463,157,0.0
maven-zeugma-linked-results-0,maven,18781376,406,27452.522,406,86419.83855000001
chocopy-bedivfuzz-structure-results-6,chocopy,178286608,28778,15521.0,712,0.0
gson-random-results-5,gson,147539712,59,8437.0,59,0.0
chocopy-zeugma-linked-results-6,chocopy,130654942,160,22566.109,160,29446.14445
rhino-ei-results-2,rhino,8962768,1428,64772.0,1428,0.0
jackson-zest-mini-results-13,jackson,47422272,135,4812.0,135,0.0
ant-bedivfuzz-structure-results-10,ant,2672299,308744,34241.0,616,0.0
chocopy-bedivfuzz-structure-results-16,chocopy,160031782,26491,16448.0,710,0.0
jackson-ei-results-16,jackson,38631775,134,7724.0,134,0.0
rhino-zeugma-none-results-results-7,rhino,16136666,508,36967.253,508,0.0
maven-zest-mini-results-11,maven,72902583,693,6852.0,693,0.0
rhino-random-results-12,rhino,18533844,909,30953.0,909,0.0
maven-zeugma-none-results-results-15,maven,26944557,414,19151.532,414,0.0
gson-zest-results-0,gson,70021950,73,19459.0,73,0.0
maven-bedivfuzz-structure-results-6,maven,12348244,361744,42840.0,546,0.0
rhino-zest-results-17,rhino,16948795,1521,35778.0,1521,0.0
ant-zest-results-14,ant,2772567,492,37242.0,492,0.0
ant-zeugma-linked-results-3,ant,1726079,162,61306.11,162,57158.68315
ant-zest-mini-results-6,ant,1536685,461,69565.0,461,0.0
gson-ei-results-19,gson,55274461,64,22103.0,64,0.0
closure-zest-mini-results-13,closure,769263,4408,64152.0,4408,0.0
gson-zeugma-linked-results-8,gson,64429107,31,19108.086,31,78943.36665000001
jackson-bedivfuzz-structure-results-16,jackson,37119891,2457902,8287.0,492,0.0
maven-zest-mini-results-3,maven,70392869,681,7217.0,681,0.0
ant-zeugma-none-results-results-8,ant,3247730,164,31940.343,164,0.0
rhino-zest-mini-results-6,rhino,12193986,1298,46657.0,1298,0.0
jackson-zeugma-linked-results-18,jackson,47411125,48,5836.215,48,78924.1476
jackson-zest-mini-results-1,jackson,51159999,154,5427.0,154,0.0
maven-random-results-16,maven,110963407,156,4646.0,156,0.0
gson-zest-results-5,gson,84574772,82,14160.0,82,0.0
ant-random-results-0,ant,48093331,46,2176.0,46,0.0
closure-ei-results-12,closure,907799,5039,53846.0,5039,0.0
rhino-bedivfuzz-structure-results-14,rhino,12457950,2905230,41563.0,2012,0.0
chocopy-bedivfuzz-structure-results-15,chocopy,144062987,27156,19591.0,728,0.0
maven-random-results-13,maven,96042611,144,5369.0,144,0.0
jackson-zeugma-none-results-results-16,jackson,43931605,46,5879.422,46,0.0
jackson-zest-mini-results-10,jackson,43811183,132,6031.0,132,0.0
chocopy-bedivfuzz-structure-results-18,chocopy,154364619,26413,16896.0,712,0.0
rhino-zest-results-10,rhino,13484292,1426,44064.0,1426,0.0
ant-zest-mini-results-7,ant,1818665,518,58331.0,518,0.0
jackson-bedivfuzz-simple-results-2,jackson,3773047,2335714,8694.0,568,0.0
rhino-zeugma-none-results-results-12,rhino,14435622,535,41075.307,535,0.0
gson-zest-mini-results-8,gson,100675248,71,11728.0,71,0.0
maven-bedivfuzz-simple-results-1,maven,18065510,297800,31857.0,966,0.0
maven-random-results-10,maven,95884540,157,5388.0,157,0.0
gson-zeugma-linked-results-2,gson,73447090,35,16859.983,35,78943.36665000001
jackson-zeugma-linked-results-11,jackson,50636954,46,5447.109,46,78924.1476
ant-zest-mini-results-4,ant,1745930,480,60845.0,480,0.0
rhino-zeugma-none-results-results-19,rhino,16183139,553,36534.726,553,0.0
gson-ei-results-6,gson,61889382,81,19877.0,81,0.0
gson-bedivfuzz-structure-results-10,gson,54704881,2139312,21373.0,260,0.0
maven-random-results-7,maven,97097641,151,5317.0,151,0.0
rhino-zeugma-none-results-results-11,rhino,15940105,523,37010.267,523,0.0
ant-zeugma-linked-results-14,ant,1725844,156,61610.816,156,57158.68315
maven-zeugma-linked-results-19,maven,17529181,394,29398.162,394,86419.83855000001
closure-zeugma-none-results-results-0,closure,3394978,990,13882.754,990,0.0
jackson-zeugma-none-results-results-6,jackson,47673600,53,5404.001,53,0.0
gson-zeugma-linked-results-17,gson,74757962,33,16600.66,33,78943.36665000001
maven-ei-results-5,maven,22820390,801,22063.0,801,0.0
ant-zeugma-none-results-results-17,ant,3269588,166,32244.898,166,0.0
chocopy-zest-results-1,chocopy,48674848,578,60519.0,578,0.0
closure-zest-results-10,closure,827958,4148,58932.0,4148,0.0
chocopy-zeugma-none-results-results-16,chocopy,196132974,155,15044.076,155,0.0
gson-bedivfuzz-simple-results-0,gson,14360415,2125598,26741.0,314,0.0
maven-ei-results-7,maven,23520782,790,19999.0,790,0.0
ant-bedivfuzz-structure-results-9,ant,2146869,350432,46265.0,620,0.0
maven-bedivfuzz-structure-results-4,maven,11079170,376304,47379.0,506,0.0
gson-zeugma-linked-results-9,gson,67189028,32,18286.644,32,78943.36665000001
closure-ei-results-1,closure,924209,5201,53117.0,5201,0.0
chocopy-zest-results-6,chocopy,66532262,591,42986.0,591,0.0
maven-zest-mini-results-17,maven,58123530,617,8145.0,617,0.0
maven-random-results-6,maven,95089108,154,5432.0,154,0.0
rhino-zest-mini-results-4,rhino,15701389,1486,37620.0,1486,0.0
chocopy-zest-mini-results-2,chocopy,43080402,518,68776.0,518,0.0
closure-zest-results-17,closure,1127440,3964,42890.0,3964,0.0
chocopy-ei-results-0,chocopy,46959601,637,62677.0,637,0.0
gson-zest-mini-results-18,gson,60764765,68,22004.0,68,0.0
closure-zeugma-linked-results-5,closure,1522741,1175,31419.315,1175,23389.6133
jackson-zeugma-linked-results-2,jackson,43516851,42,5836.228,42,78924.1476
rhino-zest-results-16,rhino,12267009,1409,46977.0,1409,0.0
gson-zeugma-none-results-results-12,gson,90980625,39,13487.943,39,0.0
closure-zeugma-none-results-results-2,closure,3319786,997,14186.562,997,0.0
gson-zeugma-linked-results-11,gson,71650764,35,17119.409,35,78943.36665000001
rhino-bedivfuzz-structure-results-5,rhino,10223789,3148409,51075.0,2040,0.0
chocopy-zeugma-linked-results-17,chocopy,129847695,161,22739.052,161,29446.14445
closure-ei-results-4,closure,950976,4672,49308.0,4672,0.0
ant-zest-mini-results-15,ant,1394844,479,76246.0,474,0.0
rhino-bedivfuzz-structure-results-8,rhino,9939433,3269713,50162.0,2022,0.0
chocopy-zest-mini-results-15,chocopy,85035219,589,33712.0,589,0.0
closure-zest-results-11,closure,1038614,4030,47136.0,4030,0.0
gson-zeugma-linked-results-12,gson,79473609,35,15649.529,35,78943.36665000001
maven-random-results-17,maven,97910945,142,5259.0,142,0.0
closure-zeugma-linked-results-0,closure,2414234,1170,19856.084,1170,23389.6133
jackson-random-results-15,jackson,58716226,114,4030.0,114,0.0
ant-random-results-15,ant,49059294,43,2144.0,43,0.0
maven-zest-results-2,maven,54917978,759,9780.0,759,0.0
rhino-zeugma-none-results-results-0,rhino,15762239,541,37615.697,541,0.0
closure-ei-results-9,closure,846195,5105,61163.0,5105,0.0
ant-bedivfuzz-structure-results-13,ant,2107484,391790,49878.0,584,0.0
chocopy-bedivfuzz-structure-results-9,chocopy,165639595,31712,16942.0,736,0.0
ant-zest-results-16,ant,2702026,495,39103.0,495,0.0
maven-zeugma-none-results-results-3,maven,26654521,401,19367.777,401,0.0
gson-random-results-9,gson,146241267,57,8503.0,57,0.0
jackson-zeugma-none-results-results-18,jackson,49025079,45,5317.466,45,0.0
maven-zeugma-linked-results-13,maven,18204642,382,28317.17,382,86419.83855000001
maven-zest-mini-results-9,maven,69827410,739,6995.0,739,0.0
maven-ei-results-2,maven,22078931,825,23041.0,825,0.0
jackson-zest-mini-results-0,jackson,35104268,161,8749.0,161,0.0
rhino-zeugma-linked-results-4,rhino,14539939,566,40512.887,566,75998.73705
rhino-ei-results-15,rhino,10342810,1495,56568.0,1495,0.0
maven-zest-results-3,maven,51562225,762,10634.0,762,0.0
jackson-ei-results-19,jackson,32517175,146,8869.0,146,0.0
jackson-zest-mini-results-14,jackson,41087096,170,6695.0,170,0.0
gson-zeugma-linked-results-5,gson,68814466,41,18113.757,41,78943.36665000001
gson-ei-results-13,gson,54831678,78,22179.0,78,0.0
rhino-random-results-10,rhino,18384319,871,31237.0,871,0.0
gson-random-results-16,gson,162289942,55,7656.0,55,0.0
closure-zest-mini-results-19,closure,668388,4274,73331.0,4274,0.0
rhino-zeugma-linked-results-6,rhino,15281987,580,38740.008,580,75998.73705
gson-random-results-14,gson,147129344,55,8471.0,55,0.0
rhino-bedivfuzz-structure-results-12,rhino,9551151,3320117,55207.0,1904,0.0
rhino-zest-results-14,rhino,13733801,1387,42165.0,1387,0.0
ant-bedivfuzz-simple-results-0,ant,2746574,343146,36560.0,1244,0.0
chocopy-random-results-9,chocopy,105391518,496,28044.0,496,0.0
closure-bedivfuzz-structure-results-0,closure,784365,366598,61183.0,4522,0.0
ant-ei-results-16,ant,1904830,531,55712.0,531,0.0
gson-ei-results-15,gson,34038620,96,36476.0,96,0.0
gson-random-results-7,gson,150590248,59,8264.0,59,0.0
closure-zeugma-linked-results-16,closure,2144588,1146,22323.34,1147,23389.6133
chocopy-ei-results-13,chocopy,58698233,743,49962.0,743,0.0
ant-zest-results-17,ant,2856337,551,36800.0,551,0.0
jackson-zest-results-1,jackson,46870316,157,5866.0,157,0.0
jackson-ei-results-4,jackson,35139549,138,8349.0,138,0.0
rhino-bedivfuzz-structure-results-10,rhino,10357706,3132235,49280.0,1676,0.0
jackson-bedivfuzz-structure-results-8,jackson,35455442,2241220,8321.0,536,0.0
chocopy-zeugma-linked-results-1,chocopy,134160154,155,21960.881,155,29446.14445
gson-zeugma-none-results-results-11,gson,85578825,36,14352.54,36,0.0
jackson-random-results-16,jackson,53300331,107,4726.0,107,0.0
chocopy-bedivfuzz-structure-results-1,chocopy,35419578,4030334,82726.0,1568,0.0
ant-zest-results-9,ant,1891323,513,55797.0,513,0.0
maven-random-results-0,maven,94930859,145,5428.0,145,0.0
rhino-zest-results-15,rhino,13023861,1342,44809.0,1342,0.0
maven-zeugma-linked-results-2,maven,19301798,400,26717.482,400,86419.83855000001
gson-ei-results-2,gson,37088159,95,33261.0,95,0.0
jackson-ei-results-6,jackson,30041000,146,9669.0,146,0.0
maven-zeugma-linked-results-6,maven,19174366,398,26890.431,398,86419.83855000001
jackson-random-results-9,jackson,55691514,127,4726.0,127,0.0
gson-zeugma-linked-results-0,gson,70058653,41,17594.937,41,78943.36665000001
rhino-bedivfuzz-structure-results-6,rhino,10663915,2958519,48799.0,1920,0.0
chocopy-zest-mini-results-1,chocopy,51720465,533,57601.0,533,0.0
closure-zest-mini-results-0,closure,841155,4007,56627.0,4007,0.0
closure-bedivfuzz-structure-results-6,closure,787267,368452,61103.0,4318,0.0
closure-zeugma-none-results-results-13,closure,3282458,948,14488.463,948,0.0
chocopy-ei-results-18,chocopy,60587771,686,48748.0,686,0.0
jackson-zest-mini-results-11,jackson,46743165,144,4986.0,144,0.0
rhino-bedivfuzz-structure-results-19,rhino,10857312,3190662,49698.0,1820,0.0
rhino-zest-results-1,rhino,12727200,1338,46288.0,1338,0.0
chocopy-ei-results-16,chocopy,54156003,651,54096.0,651,0.0
chocopy-zeugma-linked-results-14,chocopy,122341948,167,24035.938,167,29446.14445
ant-zest-mini-results-12,ant,1385170,508,76634.0,508,0.0
jackson-bedivfuzz-structure-results-12,jackson,35511312,2334175,8960.0,496,0.0
ant-zest-results-3,ant,2912196,491,35780.0,491,0.0
rhino-bedivfuzz-structure-results-17,rhino,11056109,3059022,48025.0,1938,0.0
jackson-bedivfuzz-structure-results-0,jackson,28290154,2243280,10525.0,504,0.0
rhino-bedivfuzz-structure-results-18,rhino,11505857,3108089,46678.0,1936,0.0
closure-zest-mini-results-3,closure,758372,4337,64932.0,4337,0.0
ant-zeugma-none-results-results-10,ant,3138743,160,33541.717,160,0.0
ant-random-results-19,ant,60924063,53,1739.0,53,0.0
chocopy-zest-results-10,chocopy,62259037,564,46843.0,564,0.0
ant-zeugma-none-results-results-1,ant,3264823,165,31852.859,165,0.0
gson-random-results-2,gson,151523501,62,8240.0,62,0.0
rhino-random-results-8,rhino,17173117,932,33456.0,932,0.0
closure-ei-results-11,closure,711104,5115,69227.0,5115,0.0
gson-zeugma-none-results-results-9,gson,85923663,40,14266.103,40,0.0
gson-bedivfuzz-structure-results-0,gson,53216200,2125536,22499.0,316,0.0
rhino-zeugma-none-results-results-6,rhino,16439655,556,36188.924,556,0.0
jackson-zeugma-linked-results-1,jackson,46861061,40,5490.412,40,78924.1476
ant-zest-results-13,ant,2575842,508,40845.0,508,0.0
ant-zest-mini-results-2,ant,1691197,544,62654.0,544,0.0
closure-ei-results-15,closure,844039,5176,61264.0,5176,0.0
ant-bedivfuzz-structure-results-7,ant,2522196,323505,39562.0,604,0.0
gson-zest-results-18,gson,87653040,64,13768.0,64,0.0
rhino-zeugma-none-results-results-16,rhino,16469610,536,36102.269,536,0.0
ant-bedivfuzz-structure-results-18,ant,2496318,290559,35338.0,638,0.0
jackson-zeugma-none-results-results-14,jackson,45227597,46,5966.09,46,0.0
closure-random-results-8,closure,1145809,2192,41949.0,2192,0.0
maven-random-results-9,maven,93924704,145,5502.0,145,0.0
gson-random-results-4,gson,148940886,61,8370.0,61,0.0
closure-zeugma-none-results-results-9,closure,3347800,984,14142.516,984,0.0
jackson-zest-results-6,jackson,49171047,148,5674.0,148,0.0
gson-zeugma-linked-results-18,gson,68891724,28,18027.286,28,78943.36665000001
ant-ei-results-10,ant,2043048,571,51833.0,571,0.0
ant-zeugma-none-results-results-11,ant,2701695,181,37440.956,181,0.0
rhino-zest-mini-results-12,rhino,16258304,1466,35608.0,1466,0.0
ant-random-results-5,ant,49095511,46,2137.0,46,0.0
chocopy-zest-mini-results-7,chocopy,71539831,558,42142.0,558,0.0
maven-zeugma-linked-results-5,maven,17477078,401,29484.666,401,86419.83855000001
gson-bedivfuzz-structure-results-1,gson,38934216,1789594,31773.0,302,0.0
jackson-bedivfuzz-structure-results-14,jackson,33220764,2379497,9412.0,476,0.0
closure-ei-results-7,closure,859664,5180,58543.0,5180,0.0
closure-zest-results-7,closure,1032335,4140,47467.0,4140,0.0
gson-zeugma-none-results-results-0,gson,75823723,46,16254.743,46,0.0
ant-ei-results-14,ant,1938721,555,54932.0,555,0.0
jackson-random-results-19,jackson,56172857,114,4627.0,114,0.0
closure-zest-mini-results-6,closure,742799,3899,65000.0,3899,0.0
ant-zest-results-2,ant,2713334,523,39025.0,523,0.0
closure-ei-results-5,closure,856371,4734,57727.0,4734,0.0
jackson-random-results-11,jackson,60960404,107,3979.0,107,0.0
ant-zest-mini-results-13,ant,1284973,464,82966.0,464,0.0
rhino-random-results-11,rhino,18501325,904,31010.0,904,0.0
rhino-zest-mini-results-7,rhino,14928063,1553,40149.0,1553,0.0
closure-zeugma-linked-results-15,closure,2141058,1143,22366.814,1143,23389.6133
jackson-zeugma-linked-results-16,jackson,43447320,41,7565.491,41,78924.1476
ant-zest-results-5,ant,2077849,510,50694.0,510,0.0
ant-zeugma-none-results-results-5,ant,3294758,160,30034.149,160,0.0
jackson-ei-results-7,jackson,35617910,148,8072.0,148,0.0
ant-random-results-13,ant,49094170,46,2136.0,46,0.0
maven-zest-mini-results-14,maven,70580993,727,7253.0,727,0.0
rhino-zest-mini-results-5,rhino,15030562,1451,39129.0,1451,0.0
jackson-zeugma-linked-results-7,jackson,53564109,43,4885.168,43,78924.1476
maven-bedivfuzz-structure-results-2,maven,5956039,415220,86457.0,612,0.0
jackson-bedivfuzz-structure-results-7,jackson,36813511,2259466,8154.0,478,0.0
gson-zest-mini-results-15,gson,71382082,91,16875.0,91,0.0
chocopy-random-results-17,chocopy,118426635,526,24958.0,526,0.0
gson-bedivfuzz-structure-results-18,gson,50546987,1492091,24090.0,256,0.0
closure-random-results-9,closure,1246828,2158,38414.0,2158,0.0
jackson-zeugma-linked-results-13,jackson,44781914,51,7219.689,51,78924.1476
gson-ei-results-0,gson,31932407,95,38869.0,95,0.0
gson-random-results-6,gson,149358600,60,8335.0,60,0.0
gson-ei-results-9,gson,40861752,102,30064.0,102,0.0
jackson-zest-results-0,jackson,45586662,155,6057.0,155,0.0
maven-zeugma-linked-results-4,maven,17871028,395,28835.87,395,86419.83855000001
jackson-bedivfuzz-structure-results-3,jackson,40517391,2278465,7288.0,580,0.0
jackson-zest-mini-results-17,jackson,42585288,173,6627.0,173,0.0
jackson-zest-results-12,jackson,32708064,143,7980.0,143,0.0
closure-random-results-7,closure,1220607,2227,39475.0,2227,0.0
chocopy-bedivfuzz-simple-results-0,chocopy,39277161,4373991,71636.0,1898,0.0
closure-ei-results-19,closure,860236,5182,60249.0,5182,0.0
jackson-zest-mini-results-5,jackson,49213049,140,4906.0,140,0.0
chocopy-zeugma-none-results-results-2,chocopy,195038172,149,15130.537,149,0.0
rhino-zest-mini-results-1,rhino,13420752,1389,43053.0,1389,0.0
chocopy-zest-mini-results-12,chocopy,83764190,541,34620.0,541,0.0
closure-ei-results-14,closure,915275,5211,52757.0,5211,0.0
closure-zeugma-none-results-results-12,closure,3294120,967,14446.05,967,0.0
ant-ei-results-6,ant,2168537,576,50025.0,576,0.0
closure-zeugma-linked-results-10,closure,2386650,1128,20028.353,1128,23389.6133
maven-bedivfuzz-structure-results-17,maven,11206857,385441,47638.0,500,0.0
closure-bedivfuzz-structure-results-9,closure,794695,357962,60100.0,4886,0.0
ant-ei-results-5,ant,2243485,543,47329.0,543,0.0
ant-ei-results-4,ant,2156450,569,49155.0,569,0.0
ant-zest-mini-results-11,ant,1563798,460,67940.0,460,0.0
ant-random-results-12,ant,48676988,46,2143.0,46,0.0
closure-bedivfuzz-structure-results-14,closure,820892,366905,58917.0,4552,0.0
maven-bedivfuzz-structure-results-18,maven,13401462,342546,39288.0,572,0.0
ant-random-results-7,ant,48734434,41,2153.0,41,0.0
chocopy-random-results-3,chocopy,108682609,492,27201.0,492,0.0
maven-zeugma-linked-results-17,maven,19181153,397,26890.336,397,86419.83855000001
chocopy-zeugma-none-results-results-0,chocopy,189509357,151,15562.829,151,0.0
ant-ei-results-7,ant,1875689,577,56786.0,577,0.0
rhino-zest-results-8,rhino,13554222,1345,42619.0,1345,0.0
chocopy-zeugma-none-results-results-18,chocopy,193278627,152,15260.216,152,0.0
closure-ei-results-13,closure,946888,5002,50041.0,5002,0.0
gson-ei-results-14,gson,46488307,92,26240.0,92,0.0
rhino-zeugma-linked-results-1,rhino,14649644,608,40339.486,608,75998.73705
rhino-ei-results-1,rhino,8556538,1514,67923.0,1514,0.0
chocopy-zest-results-4,chocopy,62007939,611,46209.0,611,0.0
chocopy-zeugma-linked-results-10,chocopy,137137849,159,21528.587,159,29446.14445
jackson-ei-results-12,jackson,34875945,132,8476.0,132,0.0
gson-zeugma-linked-results-1,gson,66874941,38,18373.101,38,78943.36665000001
ant-random-results-10,ant,49344801,47,2117.0,47,0.0
gson-zeugma-linked-results-19,gson,71007264,39,17292.285,39,78943.36665000001
maven-zest-results-8,maven,47146449,739,10664.0,739,0.0
ant-zeugma-linked-results-19,ant,1926631,158,54809.925,158,57158.68315
maven-ei-results-16,maven,21330661,760,23207.0,760,0.0
jackson-zest-mini-results-3,jackson,49321871,163,4968.0,163,0.0
chocopy-random-results-8,chocopy,104183260,512,28368.0,512,0.0
chocopy-zeugma-none-results-results-13,chocopy,197333823,157,14957.604,157,0.0
closure-zest-mini-results-8,closure,836929,4218,57828.0,4218,0.0
gson-random-results-17,gson,159617810,63,7777.0,63,0.0
closure-zeugma-linked-results-7,closure,2063525,1233,23015.95,1233,23389.6133
ant-zeugma-linked-results-11,ant,1865018,166,56671.454,166,57158.68315
maven-zest-results-19,maven,40744011,655,10520.0,655,0.0
closure-ei-results-6,closure,847534,4745,56717.0,4745,0.0
chocopy-ei-results-19,chocopy,72086911,676,40512.0,676,0.0
closure-zest-mini-results-16,closure,755820,4189,64989.0,4189,0.0
rhino-random-results-4,rhino,17786508,898,32283.0,898,0.0
closure-zeugma-linked-results-13,closure,2100561,1146,22756.17,1146,23389.6133
rhino-bedivfuzz-structure-results-16,rhino,10316503,3161304,52803.0,1934,0.0
ant-zest-results-11,ant,2228581,501,47343.0,501,0.0
closure-bedivfuzz-structure-results-13,closure,816495,363406,59395.0,4558,0.0
gson-zest-mini-results-16,gson,58103834,69,23095.0,69,0.0
maven-random-results-12,maven,94435441,149,5460.0,149,0.0
rhino-zeugma-none-results-results-14,rhino,16350827,522,36015.621,522,0.0
ant-bedivfuzz-structure-results-15,ant,2321248,338697,41231.0,610,0.0
rhino-zest-mini-results-13,rhino,14056032,1345,42653.0,1345,0.0
chocopy-zest-mini-results-4,chocopy,82198709,553,36716.0,553,0.0
jackson-zest-results-9,jackson,49273903,148,5256.0,148,0.0
chocopy-zeugma-none-results-results-5,chocopy,202488228,151,14568.546,151,0.0
rhino-zeugma-linked-results-12,rhino,13446936,572,43841.8,572,75998.73705
rhino-bedivfuzz-simple-results-0,rhino,7806763,3507933,53789.0,3384,0.0
chocopy-zeugma-linked-results-12,chocopy,122305332,158,24079.177,158,29446.14445
rhino-bedivfuzz-structure-results-11,rhino,13117624,3088205,40722.0,1940,0.0
closure-bedivfuzz-structure-results-19,closure,797684,369220,60118.0,4432,0.0
rhino-ei-results-10,rhino,8808196,1483,65379.0,1483,0.0
jackson-bedivfuzz-structure-results-5,jackson,31633631,2205065,9850.0,502,0.0
rhino-bedivfuzz-structure-results-7,rhino,11460760,3062707,45404.0,1878,0.0
chocopy-random-results-16,chocopy,119020088,512,24825.0,512,0.0
closure-zeugma-linked-results-1,closure,2178569,1156,21500.051,1156,23389.6133
closure-bedivfuzz-simple-results-2,closure,785544,367327,61475.0,10038,0.0
ant-zest-mini-results-3,ant,1732878,506,61116.0,506,0.0
chocopy-ei-results-8,chocopy,55795769,722,52723.0,722,0.0
ant-zest-results-18,ant,2575473,516,41156.0,516,0.0
ant-zest-mini-results-18,ant,1657076,495,64195.0,495,0.0
maven-zeugma-linked-results-1,maven,18482301,391,27884.824,391,86419.83855000001
closure-zeugma-linked-results-17,closure,2335442,1172,20462.621,1172,23389.6133
jackson-zeugma-none-results-results-8,jackson,48691610,41,5490.491,41,0.0
maven-random-results-19,maven,108737878,156,4740.0,156,0.0
jackson-zeugma-none-results-results-17,jackson,48621573,46,5620.093,46,0.0
jackson-zeugma-linked-results-17,jackson,45500560,54,6355.253,54,78924.1476
jackson-bedivfuzz-structure-results-10,jackson,37280593,2287581,8100.0,488,0.0
ant-zeugma-none-results-results-15,ant,2344989,174,42947.151,174,0.0
chocopy-zest-mini-results-5,chocopy,72967705,551,41304.0,551,0.0
chocopy-zest-mini-results-13,chocopy,87938584,547,32330.0,547,0.0
gson-random-results-11,gson,145260826,64,8566.0,64,0.0
jackson-zeugma-none-results-results-9,jackson,44654421,45,5922.874,45,0.0
maven-ei-results-6,maven,21321921,801,22306.0,801,0.0
closure-bedivfuzz-structure-results-4,closure,667820,375341,71574.0,4544,0.0
maven-ei-results-18,maven,28359810,821,17251.0,821,0.0
chocopy-bedivfuzz-structure-results-8,chocopy,138555608,35580,20687.0,712,0.0
ant-zest-results-4,ant,2066365,506,50800.0,506,0.0
maven-bedivfuzz-structure-results-12,maven,11556576,368026,43757.0,556,0.0
rhino-ei-results-12,rhino,8532252,1411,67964.0,1411,0.0
ant-bedivfuzz-structure-results-2,ant,2095680,327109,47398.0,550,0.0
ant-random-results-4,ant,49021112,54,2136.0,54,0.0
closure-bedivfuzz-structure-results-16,closure,789524,374455,60654.0,4820,0.0
gson-zeugma-none-results-results-1,gson,77904358,33,15519.818,33,0.0
gson-bedivfuzz-structure-results-17,gson,35061884,1358437,36313.0,308,0.0
gson-zeugma-none-results-results-5,gson,89626833,40,13833.787,40,0.0
chocopy-random-results-0,chocopy,109975205,499,26887.0,499,0.0
rhino-zeugma-linked-results-14,rhino,14671070,552,40383.031,552,75998.73705
gson-zest-results-1,gson,91717516,74,14680.0,74,0.0
gson-zeugma-none-results-results-14,gson,85229991,43,14266.105,43,0.0
rhino-random-results-6,rhino,17996528,905,31920.0,905,0.0
jackson-ei-results-9,jackson,34670797,149,8411.0,149,0.0
maven-zest-results-10,maven,56070091,770,9153.0,770,0.0
chocopy-zeugma-none-results-results-6,chocopy,191184945,158,15433.138,158,0.0
rhino-random-results-3,rhino,17641543,904,32535.0,904,0.0
chocopy-zest-mini-results-17,chocopy,74619273,541,40169.0,541,0.0
ant-zest-results-19,ant,2408169,490,43483.0,490,0.0
gson-zest-mini-results-5,gson,55798224,78,21521.0,78,0.0
ant-random-results-3,ant,48953707,47,2146.0,47,0.0
jackson-zeugma-linked-results-5,jackson,42306796,42,7133.962,42,78924.1476
closure-zest-results-19,closure,1051476,3937,46408.0,3937,0.0
jackson-ei-results-14,jackson,25021116,190,11476.0,190,0.0
gson-zest-results-16,gson,84958556,70,14189.0,70,0.0
gson-zeugma-linked-results-13,gson,71848213,36,17205.849,36,78943.36665000001
jackson-zest-mini-results-7,jackson,36688078,169,7302.0,169,0.0
ant-zeugma-none-results-results-2,ant,3369972,155,30987.489,155,0.0
rhino-zeugma-none-results-results-13,rhino,15862666,525,37658.906,525,0.0
jackson-zest-mini-results-4,jackson,45266621,127,5776.0,127,0.0
maven-bedivfuzz-structure-results-10,maven,8831094,394172,57778.0,460,0.0
rhino-random-results-16,rhino,20915312,912,27424.0,912,0.0
gson-zest-results-10,gson,70855550,83,17024.0,83,0.0
jackson-zest-results-5,jackson,42186891,149,6890.0,149,0.0
gson-ei-results-4,gson,45027797,78,27200.0,78,0.0
rhino-zeugma-none-results-results-4,rhino,16251789,560,36491.392,560,0.0
ant-random-results-14,ant,49814391,46,2118.0,46,0.0
maven-zeugma-linked-results-16,maven,18350863,405,28100.925,405,86419.83855000001
ant-bedivfuzz-structure-results-12,ant,2430093,309017,37605.0,598,0.0
maven-zeugma-linked-results-18,maven,18813490,411,27409.168,411,86419.83855000001
gson-zest-results-11,gson,58149876,94,20686.0,94,0.0
gson-zest-mini-results-4,gson,63812139,86,18766.0,86,0.0
chocopy-zeugma-linked-results-18,chocopy,110041998,155,26802.651,155,29446.14445
closure-bedivfuzz-structure-results-7,closure,840682,353356,58125.0,4176,0.0
jackson-random-results-13,jackson,59338857,118,4327.0,118,0.0
closure-ei-results-16,closure,904066,4750,52821.0,4750,0.0
ant-zeugma-none-results-results-14,ant,3013622,157,32634.214,157,0.0
closure-random-results-19,closure,1411648,2215,34395.0,2215,0.0
rhino-zest-results-4,rhino,13052632,1363,43865.0,1363,0.0
rhino-bedivfuzz-simple-results-3,rhino,9908868,3378586,51721.0,3502,0.0
jackson-zest-results-18,jackson,39059747,148,6628.0,148,0.0
gson-random-results-8,gson,149522527,62,8331.0,62,0.0
jackson-zeugma-linked-results-6,jackson,46659173,43,5836.229,43,78924.1476
chocopy-ei-results-3,chocopy,54937180,636,53238.0,636,0.0
chocopy-zest-mini-results-19,chocopy,84950337,547,35703.0,547,0.0
rhino-ei-results-17,rhino,8250498,1425,70709.0,1425,0.0
chocopy-zeugma-none-results-results-8,chocopy,154076533,157,19150.917,157,0.0
rhino-zeugma-none-results-results-1,rhino,15779584,533,37918.359,533,0.0
chocopy-zeugma-none-results-results-3,chocopy,193960899,165,15216.983,165,0.0
gson-zest-results-17,gson,94153685,70,12893.0,70,0.0
rhino-ei-results-9,rhino,10090349,1388,55677.0,1388,0.0
chocopy-zest-mini-results-9,chocopy,79393454,551,35809.0,551,0.0
maven-zest-results-17,maven,50493471,769,9760.0,769,0.0
closure-random-results-16,closure,1281393,2221,37958.0,2221,0.0
gson-zeugma-linked-results-15,gson,67330078,36,18200.207,36,78943.36665000001
ant-ei-results-13,ant,2184546,526,48503.0,526,0.0
maven-zest-mini-results-13,maven,62486253,629,7722.0,629,0.0
closure-random-results-6,closure,1239973,2229,38785.0,2229,0.0
chocopy-random-results-14,chocopy,106567112,509,27752.0,509,0.0
jackson-zest-results-19,jackson,38402929,150,7387.0,150,0.0
closure-zeugma-none-results-results-1,closure,3396319,981,13926.698,981,0.0
maven-bedivfuzz-structure-results-7,maven,9114560,425904,56289.0,464,0.0
gson-bedivfuzz-structure-results-6,gson,43189891,1511828,27464.0,302,0.0
ant-zest-mini-results-19,ant,1608662,484,66074.0,484,0.0
gson-ei-results-7,gson,49829271,104,25126.0,104,0.0
rhino-bedivfuzz-structure-results-2,rhino,9438466,3036659,56120.0,1898,0.0
closure-bedivfuzz-structure-results-11,closure,780710,373857,61566.0,4942,0.0
gson-zeugma-linked-results-6,gson,74768444,38,16687.066,38,78943.36665000001
chocopy-zest-results-2,chocopy,34494038,494,85690.0,494,0.0
closure-zest-results-4,closure,1109947,4248,43308.0,4248,0.0
gson-random-results-12,gson,151074095,58,8240.0,58,0.0
closure-zest-results-8,closure,1117643,4024,43235.0,4024,0.0
closure-zeugma-none-results-results-18,closure,3067920,956,15310.825,956,0.0
rhino-zeugma-none-results-results-10,rhino,14749116,528,40253.922,528,0.0
chocopy-bedivfuzz-structure-results-10,chocopy,147317557,26630,19705.0,662,0.0
closure-bedivfuzz-simple-results-3,closure,761017,364044,61226.0,10306,0.0
maven-zeugma-linked-results-7,maven,18651167,410,27625.432,410,86419.83855000001
maven-zeugma-none-results-results-9,maven,24131311,402,21356.486,402,0.0
closure-zest-mini-results-18,closure,828229,4167,58843.0,4167,0.0
maven-random-results-15,maven,95845482,142,5385.0,142,0.0
rhino-bedivfuzz-structure-results-1,rhino,13062985,3047658,40149.0,1936,0.0
maven-zeugma-linked-results-3,maven,17633242,403,29181.726,403,86419.83855000001
chocopy-ei-results-11,chocopy,54409481,738,53683.0,738,0.0
maven-bedivfuzz-simple-results-2,maven,22370287,400666,25524.0,872,0.0
maven-bedivfuzz-structure-results-8,maven,13878355,357548,36249.0,528,0.0
chocopy-random-results-4,chocopy,108876759,511,27162.0,511,0.0
jackson-zeugma-linked-results-19,jackson,46415522,46,5965.95,46,78924.1476
ant-zeugma-linked-results-12,ant,1901554,158,55674.496,158,57158.68315
maven-zeugma-linked-results-15,maven,18527305,402,27841.607,402,86419.83855000001
maven-bedivfuzz-simple-results-0,maven,19345538,294234,26768.0,996,0.0
chocopy-zeugma-none-results-results-1,chocopy,192074161,153,15389.906,153,0.0
rhino-zeugma-linked-results-15,rhino,14520100,585,40382.815,585,75998.73705
chocopy-ei-results-5,chocopy,61422671,695,47798.0,695,0.0
maven-zest-results-12,maven,53847812,699,8872.0,699,0.0
maven-zeugma-none-results-results-16,maven,26837719,410,19194.789,410,0.0
maven-ei-results-3,maven,23612199,792,20865.0,792,0.0
chocopy-zeugma-none-results-results-15,chocopy,195477283,164,15087.298,164,0.0
maven-ei-results-8,maven,22951919,790,21606.0,790,0.0
jackson-zest-mini-results-12,jackson,42818806,130,5538.0,130,0.0
ant-zeugma-linked-results-18,ant,1642281,155,64106.133,155,57158.68315
jackson-zest-mini-results-6,jackson,44656763,154,6090.0,154,0.0
rhino-random-results-9,rhino,17764969,883,32339.0,883,0.0
ant-bedivfuzz-structure-results-8,ant,2204692,325753,43199.0,704,0.0
gson-zest-results-2,gson,91770318,78,14640.0,78,0.0
chocopy-bedivfuzz-structure-results-17,chocopy,155805399,34617,17063.0,752,0.0
gson-bedivfuzz-structure-results-7,gson,39747431,1710832,34107.0,282,0.0
rhino-zeugma-none-results-results-8,rhino,15959377,545,37096.441,545,0.0
closure-random-results-12,closure,1238637,2248,38933.0,2248,0.0
maven-zeugma-linked-results-9,maven,19092856,396,27020.092,396,86419.83855000001
closure-zest-mini-results-9,closure,763968,4250,62758.0,4250,0.0
jackson-zest-results-11,jackson,40041387,155,7260.0,155,0.0
closure-bedivfuzz-structure-results-1,closure,805685,367715,59200.0,4992,0.0
gson-zeugma-none-results-results-18,gson,89856891,49,13574.39,49,0.0
ant-ei-results-3,ant,1865467,531,57072.0,531,0.0
gson-zest-results-9,gson,76259460,82,15805.0,82,0.0
rhino-zeugma-linked-results-17,rhino,13954883,593,41983.545,593,75998.73705
maven-zest-mini-results-7,maven,69888283,724,6976.0,724,0.0
gson-zeugma-none-results-results-6,gson,85297108,38,14698.415,38,0.0
closure-zeugma-none-results-results-14,closure,3371460,979,14055.902,979,0.0
chocopy-random-results-11,chocopy,105036738,505,28143.0,505,0.0
closure-bedivfuzz-structure-results-8,closure,764684,372968,62426.0,4830,0.0
maven-zest-mini-results-5,maven,69050890,724,7348.0,724,0.0
chocopy-random-results-1,chocopy,110931075,506,26661.0,506,0.0
jackson-zest-mini-results-8,jackson,31614592,160,8633.0,160,0.0
maven-zest-mini-results-6,maven,69470619,700,7251.0,700,0.0
chocopy-zest-mini-results-16,chocopy,84285331,620,36156.0,620,0.0
ant-zeugma-linked-results-16,ant,1565501,176,67204.189,176,57158.68315
maven-zeugma-none-results-results-5,maven,23490426,400,21961.748,400,0.0
closure-random-results-17,closure,1330000,2194,36558.0,2194,0.0
jackson-zeugma-linked-results-8,jackson,51294581,44,5360.667,44,78924.1476
gson-ei-results-3,gson,35942773,94,34527.0,94,0.0
gson-bedivfuzz-structure-results-15,gson,39319346,1738810,30926.0,252,0.0
ant-zeugma-linked-results-13,ant,1565661,166,67390.822,166,57158.68315
gson-random-results-19,gson,161053093,64,7715.0,64,0.0
jackson-bedivfuzz-structure-results-11,jackson,31626444,2217197,10949.0,466,0.0
chocopy-zeugma-linked-results-4,chocopy,131895632,158,22349.945,158,29446.14445
gson-zest-mini-results-2,gson,62821245,95,19090.0,95,0.0
ant-ei-results-15,ant,2077407,496,51102.0,496,0.0
ant-random-results-8,ant,48444644,42,2149.0,42,0.0
rhino-zest-results-19,rhino,13373788,1432,44349.0,1432,0.0
ant-bedivfuzz-structure-results-19,ant,2306974,347299,43828.0,628,0.0
closure-zeugma-none-results-results-15,closure,3287873,970,14402.011,970,0.0
chocopy-zest-mini-results-3,chocopy,47683909,515,61997.0,515,0.0
maven-zeugma-none-results-results-18,maven,27115232,403,18978.609,403,0.0
ant-zeugma-none-results-results-19,ant,2785143,154,35926.744,154,0.0
closure-zeugma-none-results-results-3,closure,3223893,1031,14705.444,1031,0.0
closure-zeugma-none-results-results-4,closure,3049139,957,15657.133,957,0.0
closure-zeugma-none-results-results-6,closure,3344997,970,14272.51,970,0.0
closure-zeugma-linked-results-8,closure,2262971,1210,21153.898,1210,23389.6133
closure-zest-mini-results-11,closure,742735,4318,66109.0,4318,0.0
closure-zeugma-linked-results-3,closure,2433958,1161,19639.358,1161,23389.6133
gson-zest-results-3,gson,57078435,78,23551.0,78,0.0
closure-random-results-0,closure,1237730,2246,39416.0,2246,0.0
chocopy-zest-mini-results-8,chocopy,77694455,561,36246.0,561,0.0
rhino-random-results-7,rhino,17892705,903,32119.0,903,0.0
jackson-bedivfuzz-structure-results-19,jackson,30741710,2316301,10900.0,462,0.0
rhino-ei-results-18,rhino,7846811,1475,73690.0,1475,0.0
chocopy-zeugma-linked-results-16,chocopy,108409448,173,27234.97,173,29446.14445
maven-zeugma-none-results-results-13,maven,22219701,391,23258.809,391,0.0
chocopy-zest-mini-results-10,chocopy,81526482,547,34376.0,547,0.0
chocopy-ei-results-14,chocopy,51562926,670,57087.0,670,0.0
ant-zest-results-0,ant,2494625,513,42302.0,513,0.0
maven-zest-mini-results-10,maven,71857217,671,6828.0,671,0.0
gson-zest-mini-results-13,gson,60363299,86,19896.0,86,0.0
chocopy-zeugma-linked-results-15,chocopy,135244772,169,21831.211,169,29446.14445
rhino-zest-results-9,rhino,15443813,1538,39264.0,1538,0.0
chocopy-zeugma-linked-results-7,chocopy,122028199,162,24208.888,162,29446.14445
closure-zest-results-2,closure,1133957,4218,42886.0,4218,0.0
maven-bedivfuzz-structure-results-3,maven,8467093,381177,60161.0,486,0.0
chocopy-zest-results-9,chocopy,63765061,576,45527.0,576,0.0
jackson-random-results-0,jackson,54632473,121,4687.0,121,0.0
rhino-zeugma-none-results-results-3,rhino,15612690,503,37831.67,503,0.0
chocopy-ei-results-10,chocopy,58085598,628,50655.0,628,0.0
ant-bedivfuzz-structure-results-16,ant,2234282,353055,43395.0,672,0.0
closure-zeugma-linked-results-12,closure,1688678,1136,28386.818,1136,23389.6133
chocopy-bedivfuzz-structure-results-7,chocopy,179454507,26415,15919.0,700,0.0
gson-zeugma-linked-results-4,gson,76495727,40,16211.548,40,78943.36665000001
closure-zest-results-0,closure,1037850,4086,46988.0,4086,0.0
gson-zest-mini-results-6,gson,69802766,67,17168.0,67,0.0
chocopy-zest-mini-results-14,chocopy,77173360,557,38186.0,557,0.0
ant-ei-results-17,ant,2196967,578,47393.0,578,0.0
gson-zest-mini-results-14,gson,81217494,79,14844.0,79,0.0
gson-bedivfuzz-simple-results-1,gson,39083256,1743784,30470.0,406,0.0
closure-zest-results-14,closure,1020541,4005,47336.0,4005,0.0
rhino-ei-results-13,rhino,8770380,1541,66939.0,1541,0.0
gson-random-results-13,gson,149363047,58,8351.0,58,0.0
chocopy-random-results-6,chocopy,109755465,529,26930.0,529,0.0
ant-zeugma-none-results-results-3,ant,3389263,157,30769.26,157,0.0
rhino-zest-results-2,rhino,14593915,1394,40511.0,1394,0.0
maven-zeugma-linked-results-14,maven,19009720,400,27106.535,400,86419.83855000001
chocopy-bedivfuzz-structure-results-2,chocopy,38836260,3968175,72530.0,1598,0.0
chocopy-bedivfuzz-structure-results-11,chocopy,161905900,28511,17477.0,748,0.0
jackson-ei-results-18,jackson,29683511,188,10909.0,188,0.0
chocopy-zeugma-none-results-results-17,chocopy,181004219,162,16297.747,162,0.0
closure-random-results-11,closure,1237580,2239,38927.0,2239,0.0
maven-ei-results-0,maven,21687810,745,22396.0,745,0.0
ant-zeugma-linked-results-5,ant,1598614,175,66379.94,175,57158.68315
jackson-zest-results-16,jackson,41054625,134,7444.0,134,0.0
ant-zest-results-7,ant,2239680,492,46836.0,492,0.0
rhino-zest-mini-results-16,rhino,14600293,1435,39979.0,1435,0.0
ant-bedivfuzz-simple-results-1,ant,2364649,434015,42795.0,1250,0.0
jackson-bedivfuzz-structure-results-13,jackson,32914300,2240114,8776.0,458,0.0
chocopy-zest-results-5,chocopy,62021924,580,46326.0,580,0.0
rhino-ei-results-4,rhino,8139835,1444,71178.0,1444,0.0
closure-bedivfuzz-structure-results-2,closure,790733,364321,60898.0,4550,0.0
jackson-ei-results-0,jackson,45273186,141,6517.0,141,0.0
gson-zeugma-linked-results-16,gson,70416072,40,17551.673,40,78943.36665000001
jackson-bedivfuzz-simple-results-3,jackson,34037882,2324755,9966.0,540,0.0
jackson-random-results-17,jackson,52820060,108,5021.0,108,0.0
closure-zest-results-16,closure,1050337,4026,46572.0,4026,0.0
gson-bedivfuzz-structure-results-19,gson,48647470,1965453,24251.0,262,0.0
ant-zest-mini-results-9,ant,1831268,508,57623.0,508,0.0
maven-ei-results-14,maven,24221073,759,20680.0,759,0.0
rhino-bedivfuzz-structure-results-4,rhino,11054446,3047410,48873.0,1796,0.0
ant-zeugma-linked-results-4,ant,1745187,168,60579.373,168,57158.68315
jackson-zeugma-linked-results-4,jackson,41276374,49,6830.6,49,78924.1476
gson-zeugma-none-results-results-19,gson,83659872,40,14741.65,40,0.0
maven-bedivfuzz-structure-results-13,maven,11376290,428331,44050.0,404,0.0
maven-zeugma-none-results-results-12,maven,27375050,414,18848.864,414,0.0
chocopy-bedivfuzz-simple-results-3,chocopy,38246550,3965951,73550.0,1818,0.0
closure-zest-mini-results-1,closure,770763,3907,63058.0,3907,0.0
rhino-ei-results-5,rhino,7565569,1501,76264.0,1501,0.0
ant-ei-results-8,ant,2191880,496,48339.0,496,0.0
closure-zest-results-18,closure,1028084,4272,47636.0,4272,0.0
gson-zest-mini-results-0,gson,98594077,85,12060.0,85,0.0
maven-zeugma-none-results-results-8,maven,26654763,404,19324.501,404,0.0
maven-bedivfuzz-structure-results-19,maven,10253194,398892,49715.0,468,0.0
jackson-random-results-8,jackson,50927400,118,4635.0,118,0.0
ant-zeugma-none-results-results-7,ant,3072549,158,33410.884,158,0.0
closure-zest-mini-results-17,closure,763827,4344,63106.0,4344,0.0
jackson-zeugma-none-results-results-4,jackson,49884782,47,5360.948,47,0.0
ant-bedivfuzz-structure-results-11,ant,2321076,358105,43097.0,568,0.0
gson-zeugma-none-results-results-16,gson,88305520,35,13920.252,35,0.0
rhino-random-results-5,rhino,18772698,886,30561.0,886,0.0
jackson-ei-results-10,jackson,25557861,186,11285.0,186,0.0
closure-zest-mini-results-14,closure,835581,4243,58191.0,4243,0.0
jackson-random-results-10,jackson,56159564,111,4529.0,111,0.0
closure-zeugma-linked-results-19,closure,2170919,1158,22062.913,1159,23389.6133
maven-ei-results-4,maven,18499910,827,26368.0,827,0.0
jackson-zeugma-none-results-results-0,jackson,49573200,39,5317.557,39,0.0
ant-bedivfuzz-structure-results-6,ant,2476324,352385,40838.0,622,0.0
ant-zeugma-none-results-results-12,ant,3221943,150,32935.078,150,0.0
rhino-zest-mini-results-11,rhino,14681173,1344,39590.0,1344,0.0
gson-bedivfuzz-structure-results-14,gson,48796039,1863495,28162.0,290,0.0
gson-zest-mini-results-9,gson,106550335,89,11189.0,89,0.0
gson-random-results-15,gson,145242736,62,8604.0,62,0.0
closure-bedivfuzz-structure-results-10,closure,804914,357290,59716.0,4558,0.0
chocopy-random-results-7,chocopy,111725923,496,26448.0,496,0.0
maven-ei-results-13,maven,21607140,744,22526.0,744,0.0
chocopy-zest-mini-results-11,chocopy,69469635,568,40767.0,568,0.0
closure-ei-results-8,closure,901567,5150,55668.0,5150,0.0
gson-ei-results-8,gson,40816061,81,29966.0,81,0.0
maven-zeugma-none-results-results-10,maven,27150291,413,18935.372,413,0.0
gson-random-results-10,gson,150265077,70,8287.0,70,0.0
chocopy-zeugma-linked-results-2,chocopy,136807841,169,21571.818,169,29446.14445
chocopy-bedivfuzz-structure-results-0,chocopy,39762573,4178145,69294.0,1548,0.0
jackson-ei-results-11,jackson,25318377,183,12675.0,183,0.0
ant-zeugma-linked-results-7,ant,1497265,168,71163.143,168,57158.68315
ant-zeugma-none-results-results-9,ant,3177507,156,31894.787,156,0.0
gson-zest-mini-results-10,gson,62117570,75,19327.0,75,0.0
gson-zest-mini-results-11,gson,62237309,92,19358.0,92,0.0
ant-random-results-17,ant,59911595,46,1758.0,46,0.0
ant-zeugma-linked-results-15,ant,1927425,166,53642.437,166,57158.68315
ant-ei-results-18,ant,2077747,531,51080.0,531,0.0
gson-zeugma-none-results-results-13,gson,81784192,39,14914.535,39,0.0
maven-zest-results-13,maven,50119175,724,9837.0,724,0.0
maven-zest-results-1,maven,48143969,729,10973.0,729,0.0
ant-bedivfuzz-structure-results-4,ant,2115119,341027,48277.0,574,0.0
jackson-random-results-4,jackson,61392679,118,4165.0,118,0.0
chocopy-zest-mini-results-6,chocopy,75476197,618,39450.0,618,0.0
jackson-bedivfuzz-structure-results-18,jackson,36248330,2306284,8864.0,490,0.0
maven-ei-results-10,maven,20627423,750,24246.0,750,0.0
ant-zeugma-none-results-results-4,ant,2948096,150,33239.163,150,0.0
rhino-bedivfuzz-structure-results-3,rhino,13239937,3098312,40339.0,1972,0.0
closure-zeugma-linked-results-14,closure,2193424,1200,21977.005,1200,23389.6133
gson-zeugma-none-results-results-4,gson,86518751,35,14136.427,35,0.0
ant-zest-mini-results-5,ant,1778830,500,59434.0,500,0.0
rhino-zest-mini-results-15,rhino,15704901,1423,37982.0,1423,0.0
rhino-bedivfuzz-structure-results-13,rhino,11532373,3099259,45452.0,2046,0.0
gson-zest-results-19,gson,100339201,83,11867.0,83,0.0
rhino-random-results-2,rhino,18412802,936,31155.0,936,0.0
jackson-zest-results-2,jackson,49828297,158,5865.0,158,0.0
closure-zeugma-linked-results-6,closure,2346106,1203,20591.323,1204,23389.6133
closure-zest-results-15,closure,1034537,3918,47081.0,3918,0.0
rhino-zeugma-none-results-results-15,rhino,15926314,512,37442.751,512,0.0
ant-zeugma-linked-results-0,ant,1611842,162,65304.531,162,57158.68315
jackson-ei-results-2,jackson,42768170,155,6904.0,155,0.0
chocopy-ei-results-1,chocopy,71950632,670,40742.0,670,0.0
ant-ei-results-9,ant,1920926,510,55124.0,510,0.0
rhino-zest-mini-results-19,rhino,13686346,1395,42903.0,1395,0.0
jackson-zest-results-14,jackson,50025321,138,5668.0,138,0.0
jackson-zeugma-none-results-results-11,jackson,49869471,49,5360.746,49,0.0
maven-bedivfuzz-structure-results-0,maven,7497358,410450,70558.0,584,0.0
maven-zeugma-none-results-results-7,maven,27188842,423,18978.666,423,0.0
gson-random-results-3,gson,147830638,56,8421.0,56,0.0
rhino-random-results-0,rhino,17670502,901,32507.0,901,0.0
gson-zest-mini-results-1,gson,79774701,91,14948.0,91,0.0
chocopy-zeugma-none-results-results-4,chocopy,194677380,168,15173.753,168,0.0
closure-bedivfuzz-structure-results-5,closure,825167,361344,58536.0,4562,0.0
maven-random-results-4,maven,96946947,143,5328.0,143,0.0
rhino-random-results-13,rhino,18762612,921,30572.0,921,0.0
jackson-zeugma-none-results-results-2,jackson,49456784,50,5274.3,50,0.0
closure-bedivfuzz-structure-results-3,closure,809838,354412,59551.0,4328,0.0
chocopy-zest-results-13,chocopy,59691645,595,48127.0,595,0.0
chocopy-zest-mini-results-18,chocopy,77666462,540,39220.0,540,0.0
rhino-zest-results-7,rhino,13935302,1413,41463.0,1413,0.0
closure-zeugma-none-results-results-19,closure,3419479,970,13796.565,970,0.0
jackson-zeugma-none-results-results-1,jackson,45411888,43,5793.07,43,0.0
chocopy-bedivfuzz-structure-results-19,chocopy,171425434,20445,15901.0,652,0.0
gson-bedivfuzz-simple-results-2,gson,28974301,1811041,27516.0,320,0.0
gson-zest-results-12,gson,66664645,80,18057.0,80,0.0
rhino-zest-results-12,rhino,13954557,1381,41820.0,1381,0.0
closure-random-results-15,closure,1242072,2246,38779.0,2246,0.0
chocopy-zest-results-7,chocopy,59825059,601,47808.0,601,0.0
jackson-ei-results-17,jackson,41077980,171,7050.0,171,0.0
gson-zest-mini-results-7,gson,88059584,71,13585.0,71,0.0
rhino-zest-results-5,rhino,11659447,1415,50407.0,1415,0.0
maven-random-results-1,maven,95744976,150,5385.0,150,0.0
jackson-zest-mini-results-19,jackson,40781581,148,6022.0,148,0.0
ant-zeugma-linked-results-10,ant,1882372,157,55976.84,157,57158.68315
closure-zest-mini-results-2,closure,794587,4303,61900.0,4303,0.0
closure-zeugma-none-results-results-16,closure,3354898,984,14142.221,984,0.0
chocopy-zest-results-12,chocopy,56777279,584,50891.0,584,0.0
chocopy-zeugma-linked-results-19,chocopy,130045207,156,22695.8,156,29446.14445
ant-ei-results-19,ant,2334581,533,44639.0,533,0.0
maven-zest-results-7,maven,52063800,718,9385.0,719,0.0
jackson-zeugma-none-results-results-15,jackson,46388807,46,5663.578,46,0.0
jackson-random-results-3,jackson,58032698,117,4306.0,117,0.0
gson-zest-results-13,gson,87362955,74,13777.0,74,0.0
maven-zest-results-18,maven,52968960,733,9627.0,733,0.0
rhino-bedivfuzz-simple-results-1,rhino,10584396,3177224,49790.0,3644,0.0
chocopy-bedivfuzz-structure-results-5,chocopy,146715892,34850,19521.0,744,0.0
maven-random-results-14,maven,92785107,150,5557.0,150,0.0
rhino-zeugma-none-results-results-2,rhino,15693317,545,37788.237,545,0.0
rhino-zeugma-linked-results-19,rhino,14207103,584,41723.679,584,75998.73705
chocopy-zeugma-none-results-results-19,chocopy,189066063,147,15606.061,147,0.0
closure-random-results-3,closure,1213681,2185,39706.0,2185,0.0
jackson-random-results-12,jackson,47074864,121,5640.0,121,0.0
chocopy-zeugma-none-results-results-11,chocopy,189885946,150,15562.836,150,0.0
ant-zest-mini-results-10,ant,1914095,494,54939.0,494,0.0
jackson-random-results-18,jackson,44947692,123,6318.0,123,0.0
chocopy-zest-results-16,chocopy,61926277,596,47425.0,596,0.0
jackson-zeugma-none-results-results-19,jackson,41653169,50,6398.383,50,0.0
maven-zeugma-none-results-results-0,maven,21375264,405,24123.516,405,0.0
chocopy-zeugma-linked-results-3,chocopy,133075072,159,22090.625,159,29446.14445
rhino-ei-results-14,rhino,7712156,1411,75232.0,1411,0.0
closure-zeugma-linked-results-9,closure,2278689,1128,21023.411,1128,23389.6133
maven-zest-results-9,maven,58755975,784,8762.0,784,0.0
closure-zest-results-6,closure,1018289,4003,48200.0,4003,0.0
rhino-zest-results-6,rhino,14231831,1400,40446.0,1400,0.0
chocopy-bedivfuzz-structure-results-13,chocopy,176598515,29978,15979.0,726,0.0
gson-zest-results-7,gson,77285230,68,15564.0,68,0.0
jackson-zeugma-none-results-results-12,jackson,50209220,45,5317.601,45,0.0
closure-ei-results-17,closure,914073,5260,54082.0,5260,0.0
closure-zest-mini-results-10,closure,759544,3994,63180.0,3994,0.0
maven-zest-results-14,maven,51909340,747,9628.0,747,0.0
chocopy-zest-results-17,chocopy,68004075,596,42778.0,596,0.0
maven-bedivfuzz-structure-results-16,maven,11825526,367729,42168.0,458,0.0
gson-zest-results-8,gson,80435829,68,14935.0,68,0.0
rhino-bedivfuzz-simple-results-2,rhino,9695476,3670023,54924.0,3376,0.0
chocopy-zeugma-linked-results-8,chocopy,135193295,153,21831.213,153,29446.14445
rhino-random-results-15,rhino,17693840,883,32460.0,883,0.0
rhino-bedivfuzz-structure-results-15,rhino,10756215,3221579,49214.0,1874,0.0
maven-zest-mini-results-2,maven,57439877,615,8193.0,615,0.0
closure-zeugma-none-results-results-10,closure,3416298,982,13883.36,982,0.0
jackson-zeugma-linked-results-3,jackson,40075807,48,8802.562,48,78924.1476
rhino-zest-results-3,rhino,11541332,1374,50551.0,1374,0.0
jackson-zest-mini-results-16,jackson,48546535,175,5607.0,175,0.0
gson-zest-mini-results-12,gson,62500319,70,19159.0,70,0.0
closure-ei-results-0,closure,916878,5027,54179.0,5027,0.0
ant-zest-mini-results-14,ant,1234546,490,86454.0,490,0.0
rhino-zeugma-linked-results-5,rhino,15288175,566,38394.036,566,75998.73705
maven-random-results-18,maven,111414592,142,4627.0,142,0.0
jackson-zeugma-linked-results-9,jackson,53765663,45,5144.568,45,78924.1476
gson-bedivfuzz-structure-results-4,gson,52074834,1892733,23212.0,330,0.0
gson-zeugma-none-results-results-15,gson,80435430,34,15260.439,34,0.0
maven-bedivfuzz-structure-results-11,maven,11269206,403308,46470.0,484,0.0
chocopy-random-results-5,chocopy,109028848,507,27126.0,507,0.0
closure-zest-results-5,closure,1044008,4049,47048.0,4049,0.0
jackson-random-results-14,jackson,55157701,119,4689.0,119,0.0
rhino-random-results-18,rhino,19091448,868,30043.0,868,0.0
ant-bedivfuzz-simple-results-2,ant,2908792,341594,34615.0,1194,0.0
jackson-bedivfuzz-structure-results-17,jackson,33198545,2315496,8669.0,462,0.0
rhino-zeugma-linked-results-3,rhino,14623819,561,40210.063,561,75998.73705
rhino-zeugma-linked-results-8,rhino,13899448,589,42501.819,589,75998.73705
chocopy-zeugma-linked-results-13,chocopy,133685329,158,22047.355,158,29446.14445
maven-zest-results-4,maven,52238732,786,9837.0,786,0.0
closure-bedivfuzz-simple-results-1,closure,784669,376649,60021.0,10774,0.0
rhino-zest-results-13,rhino,12825891,1300,45060.0,1300,0.0
rhino-zeugma-none-results-results-9,rhino,16469668,523,36189.036,523,0.0
chocopy-random-results-19,chocopy,121686028,498,24292.0,498,0.0
chocopy-random-results-12,chocopy,111520210,488,26521.0,488,0.0
jackson-ei-results-1,jackson,34811679,173,9673.0,173,0.0
maven-zest-results-11,maven,50212720,722,9947.0,722,0.0
gson-ei-results-18,gson,39752855,92,31290.0,92,0.0
jackson-zest-results-3,jackson,43861173,136,6064.0,136,0.0
maven-ei-results-15,maven,20924690,766,23950.0,766,0.0
ant-zest-results-6,ant,2110281,511,49942.0,511,0.0
maven-ei-results-1,maven,25741744,794,19268.0,794,0.0
maven-zest-results-6,maven,56300717,737,9086.0,737,0.0
ant-random-results-1,ant,48770058,43,2160.0,43,0.0
gson-bedivfuzz-structure-results-12,gson,49551030,1875006,24646.0,296,0.0
maven-ei-results-12,maven,22257071,785,23147.0,785,0.0
closure-zest-results-13,closure,1017373,3966,47804.0,3966,0.0
ant-bedivfuzz-structure-results-5,ant,2455387,363535,40947.0,604,0.0
chocopy-random-results-13,chocopy,111704563,528,26493.0,528,0.0
ant-zest-results-15,ant,3031820,496,34746.0,496,0.0
closure-zest-mini-results-15,closure,775516,4311,63260.0,4311,0.0
closure-zeugma-none-results-results-7,closure,3283475,939,14402.31,939,0.0
chocopy-random-results-15,chocopy,107168185,541,27593.0,541,0.0
closure-ei-results-2,closure,849152,5140,60045.0,5140,0.0
ant-bedivfuzz-structure-results-1,ant,2374246,327169,42750.0,642,0.0
gson-zest-results-15,gson,70884006,69,16923.0,69,0.0
jackson-bedivfuzz-simple-results-1,jackson,6384084,2281693,8202.0,592,0.0
closure-zest-results-12,closure,1156539,4211,41755.0,4211,0.0
maven-zeugma-none-results-results-1,maven,24519776,405,20967.373,405,0.0
gson-bedivfuzz-structure-results-9,gson,39477017,1714788,34756.0,264,0.0
chocopy-bedivfuzz-structure-results-4,chocopy,171537681,26683,16783.0,678,0.0
ant-zest-results-10,ant,2346589,492,44895.0,492,0.0
maven-zest-mini-results-15,maven,71779667,736,6909.0,736,0.0
jackson-zest-results-15,jackson,49015807,154,5302.0,154,0.0
rhino-zest-mini-results-10,rhino,16627410,1564,35603.0,1564,0.0
rhino-random-results-14,rhino,17859601,845,32155.0,845,0.0
ant-zest-mini-results-1,ant,1631784,500,65125.0,500,0.0
gson-zeugma-none-results-results-10,gson,80906955,31,15173.941,31,0.0
rhino-zeugma-linked-results-11,rhino,14188610,588,41766.864,588,75998.73705
maven-zeugma-none-results-results-14,maven,26953374,416,19108.312,416,0.0
jackson-ei-results-13,jackson,28064092,175,11910.0,175,0.0
rhino-zeugma-linked-results-9,rhino,14385173,558,40988.577,558,75998.73705
chocopy-bedivfuzz-structure-results-3,chocopy,39361106,3962565,71832.0,1550,0.0
maven-zeugma-none-results-results-2,maven,27400315,414,18805.639,414,0.0
gson-zest-results-6,gson,96994359,80,12349.0,80,0.0
closure-random-results-2,closure,1206027,2210,39814.0,2210,0.0
jackson-ei-results-3,jackson,41383863,150,7080.0,150,0.0
ant-zeugma-linked-results-9,ant,1932186,168,54204.808,168,57158.68315
closure-zest-mini-results-5,closure,741202,4221,65909.0,4221,0.0
ant-zeugma-none-results-results-0,ant,3372704,159,31029.857,159,0.0
gson-bedivfuzz-structure-results-2,gson,39032622,1619132,31379.0,310,0.0
gson-bedivfuzz-simple-results-3,gson,45718624,2241703,27016.0,330,0.0
chocopy-ei-results-7,chocopy,60099733,704,48895.0,704,0.0
closure-zeugma-none-results-results-8,closure,3384783,873,13969.532,873,0.0
maven-zest-mini-results-8,maven,67885082,734,7435.0,734,0.0
gson-zeugma-linked-results-10,gson,79275072,38,15563.087,38,78943.36665000001
rhino-zeugma-none-results-results-17,rhino,16345237,536,36232.277,536,0.0
chocopy-zest-results-14,chocopy,60408074,594,47630.0,594,0.0
closure-random-results-10,closure,1248369,2181,38549.0,2181,0.0
ant-random-results-18,ant,59439385,45,1787.0,45,0.0
closure-zest-mini-results-12,closure,763631,4113,64548.0,4113,0.0
ant-zeugma-linked-results-1,ant,1627134,184,64214.432,184,57158.68315
maven-zest-results-16,maven,56831811,769,8724.0,769,0.0
maven-random-results-3,maven,94208668,152,5483.0,152,0.0
maven-bedivfuzz-structure-results-5,maven,13482311,334642,39733.0,576,0.0
gson-ei-results-1,gson,51080560,89,23668.0,89,0.0
chocopy-random-results-18,chocopy,118922161,513,24859.0,513,0.0
rhino-ei-results-16,rhino,6691178,1317,86458.0,1317,0.0
jackson-zeugma-none-results-results-7,jackson,49867716,47,5274.195,47,0.0
maven-zeugma-linked-results-8,maven,18562114,404,27798.28,404,86419.83855000001
maven-ei-results-9,maven,18743212,790,26511.0,790,0.0
chocopy-ei-results-12,chocopy,56375864,708,52434.0,708,0.0
jackson-zest-mini-results-9,jackson,35387807,175,8534.0,175,0.0
gson-bedivfuzz-structure-results-5,gson,34758863,1525549,38072.0,266,0.0
rhino-zeugma-linked-results-2,rhino,14276393,583,41161.174,583,75998.73705
maven-random-results-2,maven,95050661,146,5421.0,146,0.0
chocopy-ei-results-9,chocopy,60546266,639,48597.0,639,0.0
chocopy-zest-results-8,chocopy,62223257,606,46975.0,606,0.0
maven-random-results-5,maven,96074754,153,5381.0,153,0.0
maven-zest-mini-results-18,maven,74218822,732,6959.0,732,0.0
ant-random-results-2,ant,49161463,43,2127.0,43,0.0
closure-bedivfuzz-structure-results-18,closure,810610,356935,59164.0,4742,0.0
chocopy-bedivfuzz-structure-results-12,chocopy,139700260,40243,20597.0,758,0.0
gson-zest-results-4,gson,76883554,73,15638.0,73,0.0
rhino-zest-mini-results-8,rhino,17032041,1593,35115.0,1593,0.0
ant-random-results-11,ant,48796044,43,2157.0,43,0.0
gson-random-results-18,gson,159020424,60,7820.0,60,0.0
gson-bedivfuzz-structure-results-3,gson,49006965,2068393,25018.0,300,0.0
jackson-bedivfuzz-structure-results-4,jackson,40495674,2298983,7355.0,452,0.0
ant-bedivfuzz-structure-results-3,ant,2161750,354432,45280.0,682,0.0
ant-random-results-9,ant,47728450,50,2210.0,50,0.0
chocopy-zest-mini-results-0,chocopy,41248252,498,71841.0,498,0.0
ant-zeugma-none-results-results-13,ant,3372254,161,30598.559,161,0.0
rhino-zest-mini-results-3,rhino,13548352,1387,43949.0,1387,0.0
closure-random-results-5,closure,1249127,2233,38478.0,2233,0.0
gson-ei-results-12,gson,44712150,74,27162.0,74,0.0
